PREFIXO,PLACA,DATA_ABASTECIMENTO,HORA_ABASTECIMENTO,HODOMETRO_INICIAL,HODOMETRO_FINAL,KM_PERCORRIDO,KM_POR_L,QUANTIDADE_COMBUSTIVEL,PLACA_N,VOL,Odometro,Distância (km),Média (km/l),diff_hod,diff_km
0002001,FAT 7J88,30/06/2026 00:00:00,01/06/2026 04:01:00,472275.0,472524.0,249.0,2.36175661576401,10543,FAT7J88,105.43,472524,249,2.36,0.0,0.0
0002001,FAT 7J88,01/07/2026 00:00:00,01/07/2026 03:56:00,472524.0,472770.0,246.0,2.10005122076148,11714,FAT7J88,117.14,472770,246,2.1,0.0,0.0
0002001,FAT 7J88,02/07/2026 00:00:00,01/07/2026 21:49:00,472948.0,473109.0,161.0,1.93952535839056,8301,FAT7J88,83.01,473109,161,1.94,0.0,0.0
0002001,FAT 7J88,02/07/2026 00:00:00,01/07/2026 21:49:00,472948.0,473109.0,161.0,1.93952535839056,8301,FAT7J88,83.01,473109,161,1.94,0.0,0.0
0002001,FAT 7J88,02/07/2026 00:00:00,01/07/2026 03:35:00,472770.0,472948.0,178.0,2.37808951235805,7485,FAT7J88,74.85,472948,178,2.38,0.0,0.0
0002001,FAT 7J88,02/07/2026 00:00:00,01/07/2026 03:35:00,472770.0,472948.0,178.0,2.37808951235805,7485,FAT7J88,74.85,472948,178,2.38,0.0,0.0
0002006,EFB 5A69,29/06/2026 00:00:00,01/06/2026 21:51:00,491381.0,491498.0,117.0,2.25043277553376,5199,EFB5A69,51.99,491498,117,2.25,0.0,0.0
0002006,EFB 5A69,01/07/2026 00:00:00,01/07/2026 00:32:00,491498.0,491741.0,243.0,2.00710332865285,12107,EFB5A69,121.07,491741,243,2.01,0.0,0.0
0002006,EFB 5A69,01/07/2026 00:00:00,01/07/2026 21:34:00,491741.0,491901.0,160.0,1.74710635509937,9158,EFB5A69,91.58,491901,160,1.75,0.0,0.0
0002006,EFB 5A69,03/07/2026 00:00:00,01/07/2026 00:24:00,491901.0,492150.0,249.0,2.11806736985369,11756,EFB5A69,117.56,492150,249,2.12,0.0,0.0
0002006,EFB 5A69,03/07/2026 00:00:00,01/07/2026 00:24:00,491901.0,492150.0,249.0,2.11806736985369,11756,EFB5A69,117.56,492150,249,2.12,0.0,0.0
0002006,EFB 5A69,03/07/2026 00:00:00,01/07/2026 21:31:00,492150.0,492274.0,124.0,2.07253886010363,5983,EFB5A69,59.83,492274,124,2.07,0.0,0.0
0002006,EFB 5A69,03/07/2026 00:00:00,01/07/2026 21:31:00,492150.0,492274.0,124.0,2.07253886010363,5983,EFB5A69,59.83,492274,124,2.07,0.0,0.0
0002007,FXF 8I38,28/06/2026 00:00:00,01/06/2026 21:03:00,503701.0,503920.0,219.0,2.38198825320861,9194,FXF8I38,91.94,503920,219,2.38,0.0,0.0
0002007,FXF 8I38,30/06/2026 00:00:00,01/06/2026 03:14:00,503920.0,504110.0,190.0,2.25198530283276,8437,FXF8I38,84.37,504110,190,2.25,0.0,0.0
0002007,FXF 8I38,01/07/2026 00:00:00,01/07/2026 03:05:00,504110.0,504381.0,271.0,2.14415697444418,12639,FXF8I38,126.39,504381,271,2.14,0.0,0.0
0002007,FXF 8I38,02/07/2026 00:00:00,01/07/2026 01:33:00,504381.0,504654.0,273.0,2.24082738241812,12183,FXF8I38,121.83,504654,273,2.24,0.0,0.0
0002007,FXF 8I38,02/07/2026 00:00:00,01/07/2026 01:33:00,504381.0,504654.0,273.0,2.24082738241812,12183,FXF8I38,121.83,504654,273,2.24,0.0,0.0
0002007,FXF 8I38,03/07/2026 00:00:00,01/07/2026 21:46:00,504928.0,505108.0,180.0,2.38885202388852,7535,FXF8I38,75.35,505108,180,2.39,0.0,0.0
0002007,FXF 8I38,03/07/2026 00:00:00,01/07/2026 21:46:00,504928.0,505108.0,180.0,2.38885202388852,7535,FXF8I38,75.35,505108,180,2.39,0.0,0.0
0002007,FXF 8I38,03/07/2026 00:00:00,01/07/2026 01:28:00,504654.0,504928.0,274.0,2.2955764075067,11936,FXF8I38,119.36,504928,274,2.3,0.0,0.0
0002007,FXF 8I38,03/07/2026 00:00:00,01/07/2026 01:28:00,504654.0,504928.0,274.0,2.2955764075067,11936,FXF8I38,119.36,504928,274,2.3,0.0,0.0
0002008,ELE 9G29,30/06/2026 00:00:00,01/06/2026 04:20:00,599999.0,600244.0,245.0,2.26369768086483,10823,ELE9G29,108.23,600244,245,2.26,0.0,0.0
0002008,ELE 9G29,01/07/2026 00:00:00,01/07/2026 04:22:00,600244.0,600464.0,220.0,2.25942282017048,9737,ELE9G29,97.37,600464,220,2.26,0.0,0.0
0002008,ELE 9G29,02/07/2026 00:00:00,01/07/2026 00:22:00,600464.0,600731.0,267.0,2.38755253509792,11183,ELE9G29,111.83,600731,267,2.39,0.0,0.0
0002008,ELE 9G29,02/07/2026 00:00:00,01/07/2026 00:22:00,600464.0,600731.0,267.0,2.38755253509792,11183,ELE9G29,111.83,600731,267,2.39,0.0,0.0
0002008,ELE 9G29,04/07/2026 00:00:00,01/07/2026 04:38:00,601014.0,601255.0,241.0,2.31797633932865,10397,ELE9G29,103.97,601255,241,2.32,0.0,0.0
0002008,ELE 9G29,04/07/2026 00:00:00,01/07/2026 04:38:00,601014.0,601255.0,241.0,2.31797633932865,10397,ELE9G29,103.97,601255,241,2.32,0.0,0.0
0002009,EVA 5G68,29/06/2026 00:00:00,01/06/2026 02:32:00,474887.0,475128.0,241.0,3.10127396731437,7771,EVA5G68,77.71,475128,241,3.1,0.0,0.0
0002009,EVA 5G68,30/06/2026 00:00:00,01/07/2026 21:28:00,475290.0,475506.0,216.0,3.14502038439138,6868,EVA5G68,68.68,475506,216,3.15,0.0,0.0
0002009,EVA 5G68,02/07/2026 00:00:00,01/07/2026 05:17:00,475506.0,475725.0,219.0,2.28458168161903,9586,EVA5G68,95.86,475725,219,2.28,0.0,0.0
0002009,EVA 5G68,02/07/2026 00:00:00,01/07/2026 05:17:00,475506.0,475725.0,219.0,2.28458168161903,9586,EVA5G68,95.86,475725,219,2.28,0.0,0.0
0002009,EVA 5G68,02/07/2026 00:00:00,01/07/2026 21:52:00,475725.0,475905.0,180.0,2.27072032294689,7927,EVA5G68,79.27,475905,180,2.27,0.0,0.0
0002009,EVA 5G68,02/07/2026 00:00:00,01/07/2026 21:52:00,475725.0,475905.0,180.0,2.27072032294689,7927,EVA5G68,79.27,475905,180,2.27,0.0,0.0
0002009,EVA 5G68,03/07/2026 00:00:00,01/07/2026 21:07:00,475905.0,476122.0,217.0,3.32058148431523,6535,EVA5G68,65.35,476122,217,3.32,0.0,0.0
0002009,EVA 5G68,03/07/2026 00:00:00,01/07/2026 21:07:00,475905.0,476122.0,217.0,3.32058148431523,6535,EVA5G68,65.35,476122,217,3.32,0.0,0.0
0002012,EEC 0I14,28/06/2026 00:00:00,01/06/2026 00:54:00,521343.0,521638.0,295.0,2.35397382700287,12532,EEC0I14,125.32,521638,295,2.35,0.0,0.0
0002012,EEC 0I14,01/07/2026 00:00:00,01/07/2026 21:49:00,521912.0,522091.0,179.0,2.20226377952756,8128,EEC0I14,81.28,522091,179,2.2,0.0,0.0
0002012,EEC 0I14,03/07/2026 00:00:00,01/07/2026 21:39:00,522340.0,522486.0,146.0,2.47583517042564,5897,EEC0I14,58.97,522486,146,2.48,0.0,0.0
0002012,EEC 0I14,03/07/2026 00:00:00,01/07/2026 21:39:00,522340.0,522486.0,146.0,2.47583517042564,5897,EEC0I14,58.97,522486,146,2.48,0.0,0.0
0002012,EEC 0I14,03/07/2026 00:00:00,01/07/2026 01:01:00,522091.0,522340.0,249.0,2.28210063238933,10911,EEC0I14,109.11,522340,249,2.28,0.0,0.0
0002012,EEC 0I14,03/07/2026 00:00:00,01/07/2026 01:01:00,522091.0,522340.0,249.0,2.28210063238933,10911,EEC0I14,109.11,522340,249,2.28,0.0,0.0
0002013,EZU 6E94,28/06/2026 00:00:00,01/06/2026 02:08:00,507212.0,507369.0,157.0,2.85091701470855,5507,EZU6E94,55.07,507369,157,2.85,0.0,0.0
0002013,EZU 6E94,29/06/2026 00:00:00,01/06/2026 01:22:00,507369.0,507600.0,231.0,2.42417882254171,9529,EZU6E94,95.29,507600,231,2.42,0.0,0.0
0002013,EZU 6E94,30/06/2026 00:00:00,01/06/2026 00:50:00,507600.0,507890.0,290.0,2.34665803528079,12358,EZU6E94,123.58,507890,290,2.35,0.0,0.0
0002013,EZU 6E94,01/07/2026 00:00:00,01/07/2026 00:55:00,507890.0,508218.0,328.0,2.23936642315833,14647,EZU6E94,146.47,508218,328,2.24,0.0,0.0
0002013,EZU 6E94,02/07/2026 00:00:00,01/07/2026 05:12:00,508218.0,508544.0,326.0,2.53795251070455,12845,EZU6E94,128.45,508544,326,2.54,0.0,0.0
0002013,EZU 6E94,02/07/2026 00:00:00,01/07/2026 05:12:00,508218.0,508544.0,326.0,2.53795251070455,12845,EZU6E94,128.45,508544,326,2.54,0.0,0.0
0002013,EZU 6E94,03/07/2026 00:00:00,01/07/2026 05:25:00,508544.0,508889.0,345.0,2.2618501278437,15253,EZU6E94,152.53,508889,345,2.26,0.0,0.0
0002013,EZU 6E94,03/07/2026 00:00:00,01/07/2026 05:25:00,508544.0,508889.0,345.0,2.2618501278437,15253,EZU6E94,152.53,508889,345,2.26,0.0,0.0
0002013,EZU 6E94,04/07/2026 00:00:00,01/07/2026 04:35:00,508889.0,509144.0,255.0,2.4606774100164,10363,EZU6E94,103.63,509144,255,2.46,0.0,0.0
0002013,EZU 6E94,04/07/2026 00:00:00,01/07/2026 04:35:00,508889.0,509144.0,255.0,2.4606774100164,10363,EZU6E94,103.63,509144,255,2.46,0.0,0.0
0002015,ENN 0F32,30/06/2026 00:00:00,01/06/2026 04:58:00,539332.0,539475.0,143.0,2.13337311651499,6703,ENN0F32,67.03,539475,143,2.13,0.0,0.0
0002015,ENN 0F32,30/06/2026 00:00:00,01/07/2026 22:46:00,539475.0,539766.0,291.0,2.31301168428583,12581,ENN0F32,125.81,539766,291,2.31,0.0,0.0
0002015,ENN 0F32,01/07/2026 00:00:00,01/07/2026 23:07:00,539766.0,540057.0,291.0,2.33810059456854,12446,ENN0F32,124.46,540057,291,2.34,0.0,0.0
0002015,ENN 0F32,02/07/2026 00:00:00,01/07/2026 21:26:00,540057.0,540194.0,137.0,2.41750485265573,5667,ENN0F32,56.67,540194,137,2.42,0.0,0.0
0002015,ENN 0F32,02/07/2026 00:00:00,01/07/2026 21:26:00,540057.0,540194.0,137.0,2.41750485265573,5667,ENN0F32,56.67,540194,137,2.42,0.0,0.0
0002015,ENN 0F32,03/07/2026 00:00:00,01/07/2026 22:41:00,540194.0,540485.0,291.0,2.3675860385648,12291,ENN0F32,122.91,540485,291,2.37,0.0,0.0
0002015,ENN 0F32,03/07/2026 00:00:00,01/07/2026 22:41:00,540194.0,540485.0,291.0,2.3675860385648,12291,ENN0F32,122.91,540485,291,2.37,0.0,0.0
0002017,FPQ 7I17,30/06/2026 00:00:00,01/07/2026 23:22:00,489356.0,489566.0,210.0,2.11437776882803,9932,FPQ7I17,99.32,489566,210,2.11,0.0,0.0
0002017,FPQ 7I17,30/06/2026 00:00:00,01/06/2026 03:11:00,489143.0,489356.0,213.0,2.30444660824408,9243,FPQ7I17,92.43,489356,213,2.3,0.0,0.0
0002017,FPQ 7I17,01/07/2026 00:00:00,01/07/2026 23:45:00,489566.0,489777.0,211.0,2.177277886699,9691,FPQ7I17,96.91,489777,211,2.18,0.0,0.0
0002017,FPQ 7I17,02/07/2026 00:00:00,01/07/2026 23:25:00,489777.0,489987.0,210.0,2.06570922683455,10166,FPQ7I17,101.66,489987,210,2.07,0.0,0.0
0002017,FPQ 7I17,02/07/2026 00:00:00,01/07/2026 23:25:00,489777.0,489987.0,210.0,2.06570922683455,10166,FPQ7I17,101.66,489987,210,2.07,0.0,0.0
0002017,FPQ 7I17,03/07/2026 00:00:00,01/07/2026 23:43:00,489987.0,490196.0,209.0,2.20092670598147,9496,FPQ7I17,94.96,490196,209,2.2,0.0,0.0
0002017,FPQ 7I17,03/07/2026 00:00:00,01/07/2026 23:43:00,489987.0,490196.0,209.0,2.20092670598147,9496,FPQ7I17,94.96,490196,209,2.2,0.0,0.0
0002018,FIM 7G82,29/06/2026 00:00:00,01/06/2026 22:46:00,510348.0,510527.0,179.0,2.13833472703381,8371,FIM7G82,83.71,510527,179,2.14,0.0,0.0
0002018,FIM 7G82,30/06/2026 00:00:00,01/07/2026 22:50:00,510527.0,510733.0,206.0,2.11455553274482,9742,FIM7G82,97.42,510733,206,2.11,0.0,0.0
0002018,FIM 7G82,01/07/2026 00:00:00,01/07/2026 23:58:00,510733.0,510940.0,207.0,2.23687054246812,9254,FIM7G82,92.54,510940,207,2.24,0.0,0.0
0002018,FIM 7G82,02/07/2026 00:00:00,01/07/2026 23:42:00,510940.0,511146.0,206.0,2.24010439321444,9196,FIM7G82,91.96,511146,206,2.24,0.0,0.0
0002018,FIM 7G82,02/07/2026 00:00:00,01/07/2026 23:42:00,510940.0,511146.0,206.0,2.24010439321444,9196,FIM7G82,91.96,511146,206,2.24,0.0,0.0
0002018,FIM 7G82,03/07/2026 00:00:00,01/07/2026 22:50:00,511146.0,511357.0,211.0,2.39473385540801,8811,FIM7G82,88.11,511357,211,2.39,0.0,0.0
0002018,FIM 7G82,03/07/2026 00:00:00,01/07/2026 22:50:00,511146.0,511357.0,211.0,2.39473385540801,8811,FIM7G82,88.11,511357,211,2.39,0.0,0.0
0002020,DSF 4D17,04/07/2026 00:00:00,01/07/2026 00:16:00,508878.0,509022.0,144.0,1.98730333977367,7246,DSF4D17,72.46,509022,144,1.99,0.0,0.0
0002020,DSF 4D17,04/07/2026 00:00:00,01/07/2026 00:16:00,508878.0,509022.0,144.0,1.98730333977367,7246,DSF4D17,72.46,509022,144,1.99,0.0,0.0
0002021,DID 8D73,30/06/2026 00:00:00,01/06/2026 01:24:00,464204.0,464423.0,219.0,2.31525531240089,9459,DID8D73,94.59,464423,219,2.32,0.0,0.0
0002021,DID 8D73,01/07/2026 00:00:00,01/07/2026 00:43:00,464423.0,464583.0,160.0,2.52804550481909,6329,DID8D73,63.29,464583,160,2.53,0.0,0.0
0002021,DID 8D73,02/07/2026 00:00:00,01/07/2026 02:16:00,464583.0,464832.0,249.0,2.02340321794247,12306,DID8D73,123.06,464832,249,2.02,0.0,0.0
0002021,DID 8D73,02/07/2026 00:00:00,01/07/2026 02:16:00,464583.0,464832.0,249.0,2.02340321794247,12306,DID8D73,123.06,464832,249,2.02,0.0,0.0
0002021,DID 8D73,03/07/2026 00:00:00,01/07/2026 05:33:00,464832.0,465081.0,249.0,2.05547300643883,12114,DID8D73,121.14,465081,249,2.06,0.0,0.0
0002021,DID 8D73,03/07/2026 00:00:00,01/07/2026 05:33:00,464832.0,465081.0,249.0,2.05547300643883,12114,DID8D73,121.14,465081,249,2.06,0.0,0.0
0002024,DMM 6D91,30/06/2026 00:00:00,01/06/2026 00:35:00,469599.0,469843.0,244.0,2.53585533153191,9622,DMM6D91,96.22,469843,244,2.54,0.0,0.0
0002024,DMM 6D91,01/07/2026 00:00:00,01/07/2026 05:12:00,469843.0,470118.0,275.0,2.36559139784946,11625,DMM6D91,116.25,470118,275,2.37,0.0,0.0
0002024,DMM 6D91,02/07/2026 00:00:00,01/07/2026 05:14:00,470118.0,470151.0,33.0,3.77574370709382,874,DMM6D91,8.74,470151,33,3.78,0.0,0.0
0002024,DMM 6D91,02/07/2026 00:00:00,01/07/2026 05:14:00,470118.0,470151.0,33.0,3.77574370709382,874,DMM6D91,8.74,470151,33,3.78,0.0,0.0
0002024,DMM 6D91,03/07/2026 00:00:00,01/07/2026 01:35:00,470151.0,470392.0,241.0,2.15486409155937,11184,DMM6D91,111.84,470392,241,2.15,0.0,0.0
0002024,DMM 6D91,03/07/2026 00:00:00,01/07/2026 01:35:00,470151.0,470392.0,241.0,2.15486409155937,11184,DMM6D91,111.84,470392,241,2.15,0.0,0.0
0002025,FFC 1C63,29/06/2026 00:00:00,01/06/2026 00:35:00,451290.0,451451.0,161.0,2.61916381974947,6147,FFC1C63,61.47,451451,161,2.62,0.0,0.0
0002025,FFC 1C63,30/06/2026 00:00:00,01/06/2026 00:23:00,451451.0,451665.0,214.0,2.48692620569436,8605,FFC1C63,86.05,451665,214,2.49,0.0,0.0
0002025,FFC 1C63,01/07/2026 00:00:00,01/07/2026 00:29:00,451665.0,451908.0,243.0,2.10590172458619,11539,FFC1C63,115.39,451908,243,2.11,0.0,0.0
0002025,FFC 1C63,02/07/2026 00:00:00,01/07/2026 01:18:00,451908.0,452154.0,246.0,2.27904391328516,10794,FFC1C63,107.94,452154,246,2.28,0.0,0.0
0002025,FFC 1C63,02/07/2026 00:00:00,01/07/2026 01:18:00,451908.0,452154.0,246.0,2.27904391328516,10794,FFC1C63,107.94,452154,246,2.28,0.0,0.0
0002025,FFC 1C63,03/07/2026 00:00:00,01/07/2026 04:49:00,452154.0,452287.0,133.0,3.36198179979778,3956,FFC1C63,39.56,452287,133,3.36,0.0,0.0
0002025,FFC 1C63,03/07/2026 00:00:00,01/07/2026 04:49:00,452154.0,452287.0,133.0,3.36198179979778,3956,FFC1C63,39.56,452287,133,3.36,0.0,0.0
0002025,FFC 1C63,04/07/2026 00:00:00,01/07/2026 01:00:00,452287.0,452531.0,244.0,2.3975631325538,10177,FFC1C63,101.77,452531,244,2.4,0.0,0.0
0002025,FFC 1C63,04/07/2026 00:00:00,01/07/2026 01:00:00,452287.0,452531.0,244.0,2.3975631325538,10177,FFC1C63,101.77,452531,244,2.4,0.0,0.0
0002026,ELI 7C49,28/06/2026 00:00:00,01/06/2026 01:18:00,498313.0,498557.0,244.0,2.62761145810898,9286,ELI7C49,92.86,498557,244,2.63,0.0,0.0
0002026,ELI 7C49,29/06/2026 00:00:00,01/06/2026 02:25:00,498557.0,498960.0,403.0,2.91437662713335,13828,ELI7C49,138.28,498960,403,2.91,0.0,0.0
0002026,ELI 7C49,02/07/2026 00:00:00,01/07/2026 02:29:00,499274.0,499582.0,308.0,2.70246556111257,11397,ELI7C49,113.97,499582,308,2.7,0.0,0.0
0002026,ELI 7C49,02/07/2026 00:00:00,01/07/2026 02:29:00,499274.0,499582.0,308.0,2.70246556111257,11397,ELI7C49,113.97,499582,308,2.7,0.0,0.0
0002026,ELI 7C49,03/07/2026 00:00:00,01/07/2026 02:34:00,499582.0,499785.0,203.0,2.51020155805614,8087,ELI7C49,80.87,499785,203,2.51,0.0,0.0
0002026,ELI 7C49,03/07/2026 00:00:00,01/07/2026 02:34:00,499582.0,499785.0,203.0,2.51020155805614,8087,ELI7C49,80.87,499785,203,2.51,0.0,0.0
0002027,ELU 2F72,28/06/2026 00:00:00,01/06/2026 00:07:00,446236.0,446358.0,122.0,2.33314209217824,5229,ELU2F72,52.29,446358,122,2.33,0.0,0.0
0002027,ELU 2F72,30/06/2026 00:00:00,01/06/2026 00:46:00,446358.0,446481.0,123.0,2.64061829111207,4658,ELU2F72,46.58,446481,123,2.64,0.0,0.0
0002027,ELU 2F72,01/07/2026 00:00:00,01/07/2026 21:30:00,446674.0,446854.0,180.0,2.55936300298592,7033,ELU2F72,70.33,446854,180,2.56,0.0,0.0
0002027,ELU 2F72,01/07/2026 00:00:00,01/07/2026 04:24:00,446481.0,446674.0,193.0,2.37450787401575,8128,ELU2F72,81.28,446674,193,2.37,0.0,0.0
0002027,ELU 2F72,04/07/2026 00:00:00,01/07/2026 01:29:00,447108.0,447462.0,354.0,2.76109507838702,12821,ELU2F72,128.21,447462,354,2.76,0.0,0.0
0002027,ELU 2F72,04/07/2026 00:00:00,01/07/2026 01:29:00,447108.0,447462.0,354.0,2.76109507838702,12821,ELU2F72,128.21,447462,354,2.76,0.0,0.0
0002028,ETJ 0D61,01/07/2026 00:00:00,01/07/2026 01:54:00,470111.0,470431.0,320.0,2.4141833270464,13255,ETJ0D61,132.55,470431,320,2.41,0.0,0.0
0002028,ETJ 0D61,02/07/2026 00:00:00,01/07/2026 04:58:00,470431.0,470693.0,262.0,2.18296950508249,12002,ETJ0D61,120.02,470693,262,2.18,0.0,0.0
0002028,ETJ 0D61,02/07/2026 00:00:00,01/07/2026 04:58:00,470431.0,470693.0,262.0,2.18296950508249,12002,ETJ0D61,120.02,470693,262,2.18,0.0,0.0
0002028,ETJ 0D61,02/07/2026 00:00:00,01/07/2026 21:29:00,470693.0,470879.0,186.0,2.51895991332611,7384,ETJ0D61,73.84,470879,186,2.52,0.0,0.0
0002028,ETJ 0D61,02/07/2026 00:00:00,01/07/2026 21:29:00,470693.0,470879.0,186.0,2.51895991332611,7384,ETJ0D61,73.84,470879,186,2.52,0.0,0.0
0002028,ETJ 0D61,03/07/2026 00:00:00,01/07/2026 21:25:00,470879.0,471063.0,184.0,2.28941147194227,8037,ETJ0D61,80.37,471063,184,2.29,0.0,0.0
0002028,ETJ 0D61,03/07/2026 00:00:00,01/07/2026 21:25:00,470879.0,471063.0,184.0,2.28941147194227,8037,ETJ0D61,80.37,471063,184,2.29,0.0,0.0
0002029,FMV 4B06,29/06/2026 00:00:00,01/06/2026 21:22:00,470790.0,470899.0,109.0,2.58600237247924,4215,FMV4B06,42.15,470899,109,2.59,0.0,0.0
0002029,FMV 4B06,01/07/2026 00:00:00,01/07/2026 22:03:00,470899.0,470987.0,88.0,1.98511166253102,4433,FMV4B06,44.33,470987,88,1.99,0.0,0.0
0002029,FMV 4B06,03/07/2026 00:00:00,01/07/2026 05:16:00,470987.0,471169.0,182.0,2.3181760285314,7851,FMV4B06,78.51,471169,182,2.32,0.0,0.0
0002029,FMV 4B06,03/07/2026 00:00:00,01/07/2026 05:16:00,470987.0,471169.0,182.0,2.3181760285314,7851,FMV4B06,78.51,471169,182,2.32,0.0,0.0
0002029,FMV 4B06,04/07/2026 00:00:00,01/07/2026 02:35:00,471169.0,471449.0,280.0,2.15683253735942,12982,FMV4B06,129.82,471449,280,2.16,0.0,0.0
0002029,FMV 4B06,04/07/2026 00:00:00,01/07/2026 02:35:00,471169.0,471449.0,280.0,2.15683253735942,12982,FMV4B06,129.82,471449,280,2.16,0.0,0.0
0002030,GKG 1G78,29/06/2026 00:00:00,01/06/2026 22:14:00,494271.0,494501.0,230.0,3.31316623451455,6942,GKG1G78,69.42,494501,230,3.31,0.0,0.0
0002030,GKG 1G78,01/07/2026 00:00:00,01/07/2026 02:14:00,494501.0,494822.0,321.0,2.3343756817686,13751,GKG1G78,137.51,494822,321,2.33,0.0,0.0
0002030,GKG 1G78,03/07/2026 00:00:00,01/07/2026 03:19:00,495025.0,495289.0,264.0,2.18398411647915,12088,GKG1G78,120.88,495289,264,2.18,0.0,0.0
0002030,GKG 1G78,03/07/2026 00:00:00,01/07/2026 03:19:00,495025.0,495289.0,264.0,2.18398411647915,12088,GKG1G78,120.88,495289,264,2.18,0.0,0.0
0002030,GKG 1G78,04/07/2026 00:00:00,01/07/2026 00:39:00,495289.0,495554.0,265.0,2.34554788458134,11298,GKG1G78,112.98,495554,265,2.35,0.0,0.0
0002030,GKG 1G78,04/07/2026 00:00:00,01/07/2026 00:39:00,495289.0,495554.0,265.0,2.34554788458134,11298,GKG1G78,112.98,495554,265,2.35,0.0,0.0
0002155,SLG 0E17,29/06/2026 00:00:00,01/06/2026 22:52:00,309322.0,309582.0,260.0,3.02536653479172,8594,SLG0E17,85.94,309582,260,3.03,0.0,0.0
0002155,SLG 0E17,01/07/2026 00:00:00,01/07/2026 04:35:00,309582.0,309787.0,205.0,2.4568552253116,8344,SLG0E17,83.44,309787,205,2.46,0.0,0.0
0002155,SLG 0E17,02/07/2026 00:00:00,01/07/2026 03:27:00,309787.0,310048.0,261.0,2.21957649459988,11759,SLG0E17,117.59,310048,261,2.22,0.0,0.0
0002155,SLG 0E17,02/07/2026 00:00:00,01/07/2026 03:27:00,309787.0,310048.0,261.0,2.21957649459988,11759,SLG0E17,117.59,310048,261,2.22,0.0,0.0
0002155,SLG 0E17,04/07/2026 00:00:00,01/07/2026 03:22:00,310048.0,310207.0,159.0,2.59168704156479,6135,SLG0E17,61.35,310207,159,2.59,0.0,0.0
0002155,SLG 0E17,04/07/2026 00:00:00,01/07/2026 03:22:00,310048.0,310207.0,159.0,2.59168704156479,6135,SLG0E17,61.35,310207,159,2.59,0.0,0.0
0002156,EUV 1I06,30/06/2026 00:00:00,01/06/2026 04:50:00,323133.0,323436.0,303.0,2.17594254937163,13925,EUV1I06,139.25,323436,303,2.18,0.0,0.0
0002156,EUV 1I06,01/07/2026 00:00:00,01/07/2026 03:39:00,323436.0,323717.0,281.0,2.07395379732822,13549,EUV1I06,135.49,323717,281,2.07,0.0,0.0
0002156,EUV 1I06,02/07/2026 00:00:00,01/07/2026 05:08:00,323717.0,323967.0,250.0,2.05879930824343,12143,EUV1I06,121.43,323967,250,2.06,0.0,0.0
0002156,EUV 1I06,02/07/2026 00:00:00,01/07/2026 05:08:00,323717.0,323967.0,250.0,2.05879930824343,12143,EUV1I06,121.43,323967,250,2.06,0.0,0.0
0002156,EUV 1I06,03/07/2026 00:00:00,01/07/2026 02:14:00,323967.0,324220.0,253.0,2.24709121591616,11259,EUV1I06,112.59,324220,253,2.25,0.0,0.0
0002156,EUV 1I06,03/07/2026 00:00:00,01/07/2026 02:14:00,323967.0,324220.0,253.0,2.24709121591616,11259,EUV1I06,112.59,324220,253,2.25,0.0,0.0
0002181,STV 8D06,28/06/2026 00:00:00,01/06/2026 03:07:00,197153.0,197371.0,218.0,2.37317657304594,9186,STV8D06,91.86,197371,218,2.37,0.0,0.0
0002181,STV 8D06,29/06/2026 00:00:00,01/06/2026 23:20:00,197628.0,197879.0,251.0,2.38638524434303,10518,STV8D06,105.18,197879,251,2.39,0.0,0.0
0002181,STV 8D06,29/06/2026 00:00:00,01/06/2026 01:26:00,197371.0,197628.0,257.0,2.5865539452496,9936,STV8D06,99.36,197628,257,2.59,0.0,0.0
0002181,STV 8D06,01/07/2026 00:00:00,01/07/2026 05:15:00,197879.0,198147.0,268.0,2.37462342725501,11286,STV8D06,112.86,198147,268,2.37,0.0,0.0
0002181,STV 8D06,01/07/2026 00:00:00,01/07/2026 23:27:00,198147.0,198411.0,264.0,2.39912758996728,11004,STV8D06,110.04,198411,264,2.4,0.0,0.0
0002181,STV 8D06,02/07/2026 00:00:00,01/07/2026 23:28:00,198411.0,198673.0,262.0,2.42390600425571,10809,STV8D06,108.09,198673,262,2.42,0.0,0.0
0002181,STV 8D06,02/07/2026 00:00:00,01/07/2026 23:28:00,198411.0,198673.0,262.0,2.42390600425571,10809,STV8D06,108.09,198673,262,2.42,0.0,0.0
0002181,STV 8D06,03/07/2026 00:00:00,01/07/2026 23:30:00,198673.0,198936.0,263.0,2.33218054447105,11277,STV8D06,112.77,198936,263,2.33,0.0,0.0
0002181,STV 8D06,03/07/2026 00:00:00,01/07/2026 23:30:00,198673.0,198936.0,263.0,2.33218054447105,11277,STV8D06,112.77,198936,263,2.33,0.0,0.0
0002183,SSU 0C83,28/06/2026 00:00:00,01/06/2026 03:01:00,184238.0,184401.0,163.0,2.58402029169309,6308,SSU0C83,63.08,184401,163,2.58,0.0,0.0
0002183,SSU 0C83,28/06/2026 00:00:00,01/06/2026 20:34:00,184401.0,184613.0,212.0,3.13377679231338,6765,SSU0C83,67.65,184613,212,3.13,0.0,0.0
0002183,SSU 0C83,30/06/2026 00:00:00,01/06/2026 00:44:00,184613.0,184901.0,288.0,2.63663828618511,10923,SSU0C83,109.23,184901,288,2.64,0.0,0.0
0002183,SSU 0C83,01/07/2026 00:00:00,01/07/2026 01:22:00,184901.0,185248.0,347.0,2.66799938489928,13006,SSU0C83,130.06,185248,347,2.67,0.0,0.0
0002183,SSU 0C83,02/07/2026 00:00:00,01/07/2026 02:56:00,185248.0,185606.0,358.0,2.66448347722536,13436,SSU0C83,134.36,185606,358,2.66,0.0,0.0
0002183,SSU 0C83,02/07/2026 00:00:00,01/07/2026 02:56:00,185248.0,185606.0,358.0,2.66448347722536,13436,SSU0C83,134.36,185606,358,2.66,0.0,0.0
0002183,SSU 0C83,03/07/2026 00:00:00,01/07/2026 02:48:00,185606.0,185946.0,340.0,2.581820943124,13169,SSU0C83,131.69,185946,340,2.58,0.0,0.0
0002183,SSU 0C83,03/07/2026 00:00:00,01/07/2026 02:48:00,185606.0,185946.0,340.0,2.581820943124,13169,SSU0C83,131.69,185946,340,2.58,0.0,0.0
0002183,SSU 0C83,04/07/2026 00:00:00,01/07/2026 04:41:00,185946.0,186282.0,336.0,2.64838023173327,12687,SSU0C83,126.87,186282,336,2.65,0.0,0.0
0002183,SSU 0C83,04/07/2026 00:00:00,01/07/2026 04:41:00,185946.0,186282.0,336.0,2.64838023173327,12687,SSU0C83,126.87,186282,336,2.65,0.0,0.0
0002185,SUM 4B78,29/06/2026 00:00:00,01/06/2026 01:29:00,164126.0,164340.0,214.0,2.43375412259752,8793,SUM4B78,87.93,164340,214,2.43,0.0,0.0
0002185,SUM 4B78,30/06/2026 00:00:00,01/06/2026 00:38:00,164340.0,164559.0,219.0,2.21794612112619,9874,SUM4B78,98.74,164559,219,2.22,0.0,0.0
0002185,SUM 4B78,30/06/2026 00:00:00,01/07/2026 19:38:00,164559.0,164559.0,0.0,0.0,7665,SUM4B78,76.65,164728,169,2.2,-169.0,-169.0
0002185,SUM 4B78,02/07/2026 00:00:00,01/07/2026 01:12:00,164559.0,164884.0,325.0,2.15932496179656,15051,SUM4B78,150.51,164884,156,1.04,0.0,169.0
0002185,SUM 4B78,02/07/2026 00:00:00,01/07/2026 01:12:00,164559.0,164884.0,325.0,2.15932496179656,15051,SUM4B78,150.51,164884,156,1.04,0.0,169.0
0002185,SUM 4B78,03/07/2026 00:00:00,01/07/2026 03:56:00,164884.0,165154.0,270.0,2.24159402241594,12045,SUM4B78,120.45,165154,270,2.24,0.0,0.0
0002185,SUM 4B78,03/07/2026 00:00:00,01/07/2026 03:56:00,164884.0,165154.0,270.0,2.24159402241594,12045,SUM4B78,120.45,165154,270,2.24,0.0,0.0
0002185,SUM 4B78,04/07/2026 00:00:00,01/07/2026 00:55:00,165154.0,165422.0,268.0,2.1026204299388,12746,SUM4B78,127.46,165422,268,2.1,0.0,0.0
0002185,SUM 4B78,04/07/2026 00:00:00,01/07/2026 00:55:00,165154.0,165422.0,268.0,2.1026204299388,12746,SUM4B78,127.46,165422,268,2.1,0.0,0.0
0002186,SSU 5H75,29/06/2026 00:00:00,01/06/2026 00:22:00,179024.0,179407.0,383.0,2.66231057973029,14386,SSU5H75,143.86,179407,383,2.66,0.0,0.0
0002186,SSU 5H75,30/06/2026 00:00:00,01/06/2026 04:03:00,179407.0,179656.0,249.0,2.6800129157249,9291,SSU5H75,92.91,179656,249,2.68,0.0,0.0
0002186,SSU 5H75,01/07/2026 00:00:00,01/07/2026 04:03:00,179656.0,179943.0,287.0,2.42890995260663,11816,SSU5H75,118.16,179943,287,2.43,0.0,0.0
0002186,SSU 5H75,02/07/2026 00:00:00,01/07/2026 03:57:00,179943.0,180231.0,288.0,2.54327092900035,11324,SSU5H75,113.24,180231,288,2.54,0.0,0.0
0002186,SSU 5H75,02/07/2026 00:00:00,01/07/2026 03:57:00,179943.0,180231.0,288.0,2.54327092900035,11324,SSU5H75,113.24,180231,288,2.54,0.0,0.0
0002186,SSU 5H75,03/07/2026 00:00:00,01/07/2026 03:41:00,180231.0,180519.0,288.0,2.48040651106709,11611,SSU5H75,116.11,180519,288,2.48,0.0,0.0
0002186,SSU 5H75,03/07/2026 00:00:00,01/07/2026 03:41:00,180231.0,180519.0,288.0,2.48040651106709,11611,SSU5H75,116.11,180519,288,2.48,0.0,0.0
0002186,SSU 5H75,04/07/2026 00:00:00,01/07/2026 02:10:00,180519.0,180799.0,280.0,2.5624599615631,10927,SSU5H75,109.27,180799,280,2.56,0.0,0.0
0002186,SSU 5H75,04/07/2026 00:00:00,01/07/2026 02:10:00,180519.0,180799.0,280.0,2.5624599615631,10927,SSU5H75,109.27,180799,280,2.56,0.0,0.0
0002187,STV 6F45,29/06/2026 00:00:00,01/06/2026 23:07:00,,,,,8252,STV6F45,82.52,188614,191,2.31,,
0002187,STV 6F45,01/07/2026 00:00:00,01/07/2026 23:17:00,188923.0,189088.0,165.0,1.54191197084385,10701,STV6F45,107.01,189088,237,2.21,0.0,-72.0
0002187,STV 6F45,03/07/2026 00:00:00,01/07/2026 00:16:00,189088.0,189326.0,238.0,2.17590053026147,10938,STV6F45,109.38,189326,238,2.18,0.0,0.0
0002187,STV 6F45,03/07/2026 00:00:00,01/07/2026 00:16:00,189088.0,189326.0,238.0,2.17590053026147,10938,STV6F45,109.38,189326,238,2.18,0.0,0.0
0002187,STV 6F45,04/07/2026 00:00:00,01/07/2026 04:26:00,189326.0,189548.0,222.0,2.72660280029477,8142,STV6F45,81.42,189548,222,2.73,0.0,0.0
0002187,STV 6F45,04/07/2026 00:00:00,01/07/2026 04:26:00,189326.0,189548.0,222.0,2.72660280029477,8142,STV6F45,81.42,189548,222,2.73,0.0,0.0
0002188,SST 5H59,28/06/2026 00:00:00,01/06/2026 00:58:00,162945.0,162945.0,0.0,0.0,14348,SST5H59,143.48,163773,335,2.33,-828.0,-335.0
0002188,SST 5H59,30/06/2026 00:00:00,01/07/2026 22:15:00,,,,,9886,SST5H59,98.86,164177,203,2.05,,
0002188,SST 5H59,30/06/2026 00:00:00,01/06/2026 04:29:00,162945.0,163773.0,828.0,8.442088091354,9808,SST5H59,98.08,163974,201,2.05,-201.0,627.0
0002188,SST 5H59,02/07/2026 00:00:00,01/07/2026 00:19:00,163974.0,164177.0,203.0,1.54973662111612,13099,SST5H59,130.99,164380,203,1.55,-203.0,0.0
0002188,SST 5H59,02/07/2026 00:00:00,01/07/2026 00:19:00,163974.0,164177.0,203.0,1.54973662111612,13099,SST5H59,130.99,164380,203,1.55,-203.0,0.0
0002188,SST 5H59,03/07/2026 00:00:00,01/07/2026 03:38:00,164177.0,164177.0,0.0,0.0,12354,SST5H59,123.54,164545,165,1.34,-368.0,-165.0
0002188,SST 5H59,03/07/2026 00:00:00,01/07/2026 03:38:00,164177.0,164177.0,0.0,0.0,12354,SST5H59,123.54,164545,165,1.34,-368.0,-165.0
0002188,SST 5H59,04/07/2026 00:00:00,01/07/2026 00:12:00,164177.0,164545.0,368.0,3.10994675906364,11833,SST5H59,118.33,164545,0,0.0,0.0,368.0
0002188,SST 5H59,04/07/2026 00:00:00,01/07/2026 00:12:00,164177.0,164545.0,368.0,3.10994675906364,11833,SST5H59,118.33,164545,0,0.0,0.0,368.0
0002189,SSS 6G42,28/06/2026 00:00:00,01/06/2026 00:15:00,202275.0,202614.0,339.0,2.60428670200507,13017,SSS6G42,130.17,202614,339,2.6,0.0,0.0
0002189,SSS 6G42,29/06/2026 00:00:00,01/06/2026 02:12:00,202614.0,202946.0,332.0,2.43956205452274,13609,SSS6G42,136.09,202946,332,2.44,0.0,0.0
0002189,SSS 6G42,29/06/2026 00:00:00,01/06/2026 23:34:00,202946.0,203160.0,214.0,1.99794603678461,10711,SSS6G42,107.11,197782,235,2.19,5378.0,-21.0
0002189,SSS 6G42,29/06/2026 00:00:00,01/06/2026 23:34:00,202946.0,203160.0,214.0,1.99794603678461,10711,SSS6G42,107.11,203160,214,2.0,0.0,0.0
0002189,SSS 6G42,30/06/2026 00:00:00,01/07/2026 23:34:00,203160.0,203399.0,239.0,2.03855339474582,11724,SSS6G42,117.24,203399,239,2.04,0.0,0.0
0002189,SSS 6G42,01/07/2026 00:00:00,01/07/2026 23:48:00,203399.0,203640.0,241.0,2.03444200574033,11846,SSS6G42,118.46,203640,241,2.03,0.0,0.0
0002189,SSS 6G42,02/07/2026 00:00:00,01/07/2026 23:57:00,203640.0,203880.0,240.0,2.07200207200207,11583,SSS6G42,115.83,203880,240,2.07,0.0,0.0
0002189,SSS 6G42,02/07/2026 00:00:00,01/07/2026 23:57:00,203640.0,203880.0,240.0,2.07200207200207,11583,SSS6G42,115.83,203880,240,2.07,0.0,0.0
0002189,SSS 6G42,03/07/2026 00:00:00,01/07/2026 23:25:00,203880.0,204119.0,239.0,2.11635526432303,11293,SSS6G42,112.93,201580,239,2.12,2539.0,0.0
0002189,SSS 6G42,03/07/2026 00:00:00,01/07/2026 23:25:00,203880.0,204119.0,239.0,2.11635526432303,11293,SSS6G42,112.93,204119,239,2.12,0.0,0.0
0002189,SSS 6G42,03/07/2026 00:00:00,01/07/2026 23:25:00,203880.0,204119.0,239.0,2.11635526432303,11293,SSS6G42,112.93,204119,239,2.12,0.0,0.0
0002190,STV 8B51,29/06/2026 00:00:00,01/06/2026 01:06:00,181153.0,181500.0,347.0,2.50469178576584,13854,STV8B51,138.54,181500,347,2.5,0.0,0.0
0002190,STV 8B51,30/06/2026 00:00:00,01/07/2026 21:45:00,181729.0,181864.0,135.0,1.93854106835152,6964,STV8B51,69.64,181864,135,1.94,0.0,0.0
0002190,STV 8B51,02/07/2026 00:00:00,01/07/2026 04:08:00,181864.0,182117.0,253.0,2.27804790203494,11106,STV8B51,111.06,182117,253,2.28,0.0,0.0
0002190,STV 8B51,02/07/2026 00:00:00,01/07/2026 04:08:00,181864.0,182117.0,253.0,2.27804790203494,11106,STV8B51,111.06,182117,253,2.28,0.0,0.0
0002190,STV 8B51,03/07/2026 00:00:00,01/07/2026 00:42:00,182117.0,182370.0,253.0,2.28483699087871,11073,STV8B51,110.73,182370,253,2.28,0.0,0.0
0002190,STV 8B51,03/07/2026 00:00:00,01/07/2026 00:42:00,182117.0,182370.0,253.0,2.28483699087871,11073,STV8B51,110.73,182370,253,2.28,0.0,0.0
0002192,SVC 9J11,28/06/2026 00:00:00,01/06/2026 03:05:00,176010.0,176274.0,264.0,2.54654191183563,10367,SVC9J11,103.67,176274,264,2.55,0.0,0.0
0002192,SVC 9J11,01/07/2026 00:00:00,01/07/2026 02:40:00,176478.0,176724.0,246.0,2.30682670667667,10664,SVC9J11,106.64,176724,246,2.31,0.0,0.0
0002192,SVC 9J11,02/07/2026 00:00:00,01/07/2026 02:13:00,176724.0,176969.0,245.0,2.23662589008581,10954,SVC9J11,109.54,176969,245,2.24,0.0,0.0
0002192,SVC 9J11,02/07/2026 00:00:00,01/07/2026 02:13:00,176724.0,176969.0,245.0,2.23662589008581,10954,SVC9J11,109.54,176969,245,2.24,0.0,0.0
0002192,SVC 9J11,03/07/2026 00:00:00,01/07/2026 02:11:00,176969.0,177212.0,243.0,2.25794461995912,10762,SVC9J11,107.62,177212,243,2.26,0.0,0.0
0002192,SVC 9J11,03/07/2026 00:00:00,01/07/2026 02:11:00,176969.0,177212.0,243.0,2.25794461995912,10762,SVC9J11,107.62,177212,243,2.26,0.0,0.0
0002192,SVC 9J11,04/07/2026 00:00:00,01/07/2026 02:16:00,177212.0,177457.0,245.0,2.3093599773777,10609,SVC9J11,106.09,177457,245,2.31,0.0,0.0
0002192,SVC 9J11,04/07/2026 00:00:00,01/07/2026 02:16:00,177212.0,177457.0,245.0,2.3093599773777,10609,SVC9J11,106.09,177457,245,2.31,0.0,0.0
0002194,SSV 2D16,30/06/2026 00:00:00,01/06/2026 02:39:00,245740.0,246041.0,301.0,2.7082958430808,11114,SSV2D16,111.14,246041,301,2.71,0.0,0.0
0002194,SSV 2D16,01/07/2026 00:00:00,01/07/2026 02:50:00,246041.0,246385.0,344.0,2.48932628989073,13819,SSV2D16,138.19,243451,345,2.5,2934.0,-1.0
0002194,SSV 2D16,01/07/2026 00:00:00,01/07/2026 02:50:00,246041.0,246385.0,344.0,2.48932628989073,13819,SSV2D16,138.19,246385,344,2.49,0.0,0.0
0002194,SSV 2D16,02/07/2026 00:00:00,01/07/2026 02:01:00,246385.0,246718.0,333.0,2.52177205603938,13205,SSV2D16,132.05,246718,333,2.52,0.0,0.0
0002194,SSV 2D16,02/07/2026 00:00:00,01/07/2026 02:01:00,246385.0,246718.0,333.0,2.52177205603938,13205,SSV2D16,132.05,246718,333,2.52,0.0,0.0
0002194,SSV 2D16,03/07/2026 00:00:00,01/07/2026 03:31:00,246718.0,247049.0,331.0,2.46885955098083,13407,SSV2D16,134.07,247049,331,2.47,0.0,0.0
0002194,SSV 2D16,03/07/2026 00:00:00,01/07/2026 03:31:00,246718.0,247049.0,331.0,2.46885955098083,13407,SSV2D16,134.07,247049,331,2.47,0.0,0.0
0002194,SSV 2D16,03/07/2026 00:00:00,01/07/2026 22:15:00,247049.0,247416.0,367.0,3.45834903882397,10612,SSV2D16,106.12,247416,367,3.46,0.0,0.0
0002194,SSV 2D16,03/07/2026 00:00:00,01/07/2026 22:15:00,247049.0,247416.0,367.0,3.45834903882397,10612,SSV2D16,106.12,247416,367,3.46,0.0,0.0
0002196,STQ 9J45,28/06/2026 00:00:00,01/06/2026 02:34:00,173536.0,173899.0,363.0,2.52451491758815,14379,STQ9J45,143.79,173899,363,2.52,0.0,0.0
0002196,STQ 9J45,30/06/2026 00:00:00,01/06/2026 03:44:00,173899.0,174181.0,282.0,2.58312723275625,10917,STQ9J45,109.17,174181,282,2.58,0.0,0.0
0002196,STQ 9J45,02/07/2026 00:00:00,01/07/2026 03:03:00,174497.0,174813.0,316.0,2.42927429274293,13008,STQ9J45,130.08,174813,316,2.43,0.0,0.0
0002196,STQ 9J45,02/07/2026 00:00:00,01/07/2026 03:03:00,174497.0,174813.0,316.0,2.42927429274293,13008,STQ9J45,130.08,174813,316,2.43,0.0,0.0
0002196,STQ 9J45,03/07/2026 00:00:00,01/07/2026 02:27:00,174813.0,175105.0,292.0,2.5185440745213,11594,STQ9J45,115.94,175105,292,2.52,0.0,0.0
0002196,STQ 9J45,03/07/2026 00:00:00,01/07/2026 02:27:00,174813.0,175105.0,292.0,2.5185440745213,11594,STQ9J45,115.94,175105,292,2.52,0.0,0.0
0002196,STQ 9J45,04/07/2026 00:00:00,01/07/2026 04:15:00,175105.0,175423.0,318.0,2.50650271931899,12687,STQ9J45,126.87,175423,318,2.51,0.0,0.0
0002196,STQ 9J45,04/07/2026 00:00:00,01/07/2026 04:15:00,175105.0,175423.0,318.0,2.50650271931899,12687,STQ9J45,126.87,175423,318,2.51,0.0,0.0
0002197,SSR 3C06,29/06/2026 00:00:00,01/06/2026 23:17:00,177346.0,177560.0,214.0,2.47341655108645,8652,SSR3C06,86.52,177560,214,2.47,0.0,0.0
0002197,SSR 3C06,30/06/2026 00:00:00,01/07/2026 21:30:00,177560.0,177786.0,226.0,2.41582041688936,9355,SSR3C06,93.55,177786,226,2.42,0.0,0.0
0002197,SSR 3C06,01/07/2026 00:00:00,01/07/2026 23:52:00,177786.0,177986.0,200.0,2.12111570686181,9429,SSR3C06,94.29,177986,200,2.12,0.0,0.0
0002197,SSR 3C06,03/07/2026 00:00:00,01/07/2026 00:12:00,177986.0,178229.0,243.0,2.17216411906677,11187,SSR3C06,111.87,178229,243,2.17,0.0,0.0
0002197,SSR 3C06,03/07/2026 00:00:00,01/07/2026 00:12:00,177986.0,178229.0,243.0,2.17216411906677,11187,SSR3C06,111.87,178229,243,2.17,0.0,0.0
0002197,SSR 3C06,04/07/2026 00:00:00,01/07/2026 03:39:00,178229.0,178494.0,265.0,2.26747668349448,11687,SSR3C06,116.87,178494,265,2.27,0.0,0.0
0002197,SSR 3C06,04/07/2026 00:00:00,01/07/2026 03:39:00,178229.0,178494.0,265.0,2.26747668349448,11687,SSR3C06,116.87,178494,265,2.27,0.0,0.0
0002198,SSX 8J17,28/06/2026 00:00:00,01/06/2026 21:09:00,180296.0,180507.0,211.0,3.60252689089978,5857,SSX8J17,58.57,180507,211,3.6,0.0,0.0
0002198,SSX 8J17,30/06/2026 00:00:00,01/06/2026 05:09:00,180507.0,180785.0,278.0,2.44998678064687,11347,SSX8J17,113.47,180785,278,2.45,0.0,0.0
0002198,SSX 8J17,01/07/2026 00:00:00,01/07/2026 03:25:00,180785.0,181053.0,268.0,2.53045038240015,10591,SSX8J17,105.91,181053,268,2.53,0.0,0.0
0002198,SSX 8J17,02/07/2026 00:00:00,01/07/2026 00:05:00,181053.0,181302.0,249.0,1.97650420701699,12598,SSX8J17,125.98,181302,249,1.98,0.0,0.0
0002198,SSX 8J17,02/07/2026 00:00:00,01/07/2026 00:05:00,181053.0,181302.0,249.0,1.97650420701699,12598,SSX8J17,125.98,181302,249,1.98,0.0,0.0
0002198,SSX 8J17,02/07/2026 00:00:00,01/07/2026 21:05:00,181302.0,181552.0,250.0,3.26455993732045,7658,SSX8J17,76.58,181552,250,3.26,0.0,0.0
0002198,SSX 8J17,02/07/2026 00:00:00,01/07/2026 21:05:00,181302.0,181552.0,250.0,3.26455993732045,7658,SSX8J17,76.58,181552,250,3.26,0.0,0.0
0002198,SSX 8J17,04/07/2026 00:00:00,01/07/2026 01:41:00,181552.0,182035.0,483.0,2.35128030376789,20542,SSX8J17,205.42,182035,483,2.35,0.0,0.0
0002198,SSX 8J17,04/07/2026 00:00:00,01/07/2026 01:41:00,181552.0,182035.0,483.0,2.35128030376789,20542,SSX8J17,205.42,182035,483,2.35,0.0,0.0
0002199,STL 6F03,30/06/2026 00:00:00,01/06/2026 00:29:00,264762.0,264978.0,216.0,2.27416298168035,9498,STL6F03,94.98,264978,216,2.27,0.0,0.0
0002199,STL 6F03,02/07/2026 00:00:00,01/07/2026 00:15:00,265399.0,265646.0,247.0,2.08035037479997,11873,STL6F03,118.73,265646,247,2.08,0.0,0.0
0002199,STL 6F03,02/07/2026 00:00:00,01/07/2026 00:15:00,265399.0,265646.0,247.0,2.08035037479997,11873,STL6F03,118.73,265646,247,2.08,0.0,0.0
0002199,STL 6F03,03/07/2026 00:00:00,01/07/2026 05:06:00,265646.0,265926.0,280.0,2.1788187689674,12851,STL6F03,128.51,265926,280,2.18,0.0,0.0
0002199,STL 6F03,03/07/2026 00:00:00,01/07/2026 05:06:00,265646.0,265926.0,280.0,2.1788187689674,12851,STL6F03,128.51,265926,280,2.18,0.0,0.0
0002199,STL 6F03,04/07/2026 00:00:00,01/07/2026 00:21:00,265926.0,266172.0,246.0,2.13820078226858,11505,STL6F03,115.05,266172,246,2.14,0.0,0.0
0002199,STL 6F03,04/07/2026 00:00:00,01/07/2026 00:21:00,265926.0,266172.0,246.0,2.13820078226858,11505,STL6F03,115.05,266172,246,2.14,0.0,0.0
0002200,STC 1B44,03/07/2026 00:00:00,01/07/2026 00:38:00,179784.0,180020.0,236.0,2.03729281767956,11584,STC1B44,115.84,180020,236,2.04,0.0,0.0
0002200,STC 1B44,03/07/2026 00:00:00,01/07/2026 00:38:00,179784.0,180020.0,236.0,2.03729281767956,11584,STC1B44,115.84,180020,236,2.04,0.0,0.0
0002201,STX 2B44,01/07/2026 00:00:00,01/07/2026 00:34:00,214561.0,214626.0,65.0,2.13464696223317,3045,STX2B44,30.45,214626,65,2.13,0.0,0.0
0002201,STX 2B44,02/07/2026 00:00:00,01/07/2026 23:33:00,214962.0,215104.0,142.0,2.21390707826629,6414,STX2B44,64.14,215104,142,2.21,0.0,0.0
0002201,STX 2B44,02/07/2026 00:00:00,01/07/2026 23:33:00,214962.0,215104.0,142.0,2.21390707826629,6414,STX2B44,64.14,215104,142,2.21,0.0,0.0
0002201,STX 2B44,04/07/2026 00:00:00,01/07/2026 03:36:00,215104.0,215439.0,335.0,2.17886178861789,15375,STX2B44,153.75,215439,335,2.18,0.0,0.0
0002201,STX 2B44,04/07/2026 00:00:00,01/07/2026 03:36:00,215104.0,215439.0,335.0,2.17886178861789,15375,STX2B44,153.75,215439,335,2.18,0.0,0.0
0002202,STG 7G92,02/07/2026 00:00:00,01/07/2026 02:53:00,228554.0,228889.0,335.0,2.28497373985403,14661,STG7G92,146.61,228889,335,2.28,0.0,0.0
0002202,STG 7G92,02/07/2026 00:00:00,01/07/2026 02:53:00,228554.0,228889.0,335.0,2.28497373985403,14661,STG7G92,146.61,228889,335,2.28,0.0,0.0
0002202,STG 7G92,03/07/2026 00:00:00,01/07/2026 02:37:00,228889.0,229224.0,335.0,2.43158888001742,13777,STG7G92,137.77,229224,335,2.43,0.0,0.0
0002202,STG 7G92,03/07/2026 00:00:00,01/07/2026 02:37:00,228889.0,229224.0,335.0,2.43158888001742,13777,STG7G92,137.77,229224,335,2.43,0.0,0.0
0002202,STG 7G92,04/07/2026 00:00:00,01/07/2026 02:38:00,229224.0,229561.0,337.0,2.43990732696206,13812,STG7G92,138.12,229561,337,2.44,0.0,0.0
0002202,STG 7G92,04/07/2026 00:00:00,01/07/2026 02:38:00,229224.0,229561.0,337.0,2.43990732696206,13812,STG7G92,138.12,229561,337,2.44,0.0,0.0
0002203,STF 0A78,28/06/2026 00:00:00,01/06/2026 01:16:00,268203.0,268203.0,0.0,0.0,14823,STF0A78,148.23,268936,354,2.39,-733.0,-354.0
0002203,STF 0A78,29/06/2026 00:00:00,01/06/2026 22:03:00,268203.0,268203.0,0.0,0.0,8143,STF0A78,81.43,269121,185,2.27,-918.0,-185.0
0002203,STF 0A78,01/07/2026 00:00:00,01/07/2026 02:33:00,268203.0,269121.0,918.0,8.04345921317796,11413,STF0A78,114.13,269413,292,2.56,-292.0,626.0
0002203,STF 0A78,02/07/2026 00:00:00,01/07/2026 01:16:00,269121.0,269413.0,292.0,2.04941044357103,14248,STF0A78,142.48,269762,349,2.45,-349.0,-57.0
0002203,STF 0A78,02/07/2026 00:00:00,01/07/2026 01:16:00,269121.0,269413.0,292.0,2.04941044357103,14248,STF0A78,142.48,269762,349,2.45,-349.0,-57.0
0002203,STF 0A78,03/07/2026 00:00:00,01/07/2026 04:44:00,269413.0,269413.0,0.0,0.0,14588,STF0A78,145.88,270113,351,2.41,-700.0,-351.0
0002203,STF 0A78,03/07/2026 00:00:00,01/07/2026 04:44:00,269413.0,269413.0,0.0,0.0,14588,STF0A78,145.88,270113,351,2.41,-700.0,-351.0
0002203,STF 0A78,04/07/2026 00:00:00,01/07/2026 01:33:00,269413.0,270113.0,700.0,4.475989513396,15639,STF0A78,156.39,270113,0,0.0,0.0,700.0
0002203,STF 0A78,04/07/2026 00:00:00,01/07/2026 01:33:00,269413.0,270113.0,700.0,4.475989513396,15639,STF0A78,156.39,270113,0,0.0,0.0,700.0
0002204,STP 4D24,30/06/2026 00:00:00,01/06/2026 00:05:00,175854.0,176091.0,237.0,2.24623258458914,10551,STP4D24,105.51,176091,237,2.25,0.0,0.0
0002204,STP 4D24,01/07/2026 00:00:00,01/07/2026 00:23:00,176091.0,176336.0,245.0,2.03403902034039,12045,STP4D24,120.45,176336,245,2.03,0.0,0.0
0002204,STP 4D24,02/07/2026 00:00:00,01/07/2026 04:32:00,176336.0,176578.0,242.0,2.03395528660279,11898,STP4D24,118.98,176578,242,2.03,0.0,0.0
0002204,STP 4D24,02/07/2026 00:00:00,01/07/2026 04:32:00,176336.0,176578.0,242.0,2.03395528660279,11898,STP4D24,118.98,176578,242,2.03,0.0,0.0
0002204,STP 4D24,04/07/2026 00:00:00,01/07/2026 02:19:00,176820.0,177059.0,239.0,2.14966720633207,11118,STP4D24,111.18,177059,239,2.15,0.0,0.0
0002204,STP 4D24,04/07/2026 00:00:00,01/07/2026 02:19:00,176820.0,177059.0,239.0,2.14966720633207,11118,STP4D24,111.18,177059,239,2.15,0.0,0.0
0002205,STI 0H50,01/07/2026 00:00:00,01/07/2026 01:09:00,240822.0,241102.0,280.0,2.56316367630904,10924,STI0H50,109.24,241102,280,2.56,0.0,0.0
0002205,STI 0H50,02/07/2026 00:00:00,01/07/2026 02:36:00,241102.0,241417.0,315.0,2.54833751314619,12361,STI0H50,123.61,241417,315,2.55,0.0,0.0
0002205,STI 0H50,02/07/2026 00:00:00,01/07/2026 02:36:00,241102.0,241417.0,315.0,2.54833751314619,12361,STI0H50,123.61,241417,315,2.55,0.0,0.0
0002205,STI 0H50,03/07/2026 00:00:00,01/07/2026 02:40:00,241417.0,241731.0,314.0,2.57440354185455,12197,STI0H50,121.97,241731,314,2.57,0.0,0.0
0002205,STI 0H50,03/07/2026 00:00:00,01/07/2026 02:40:00,241417.0,241731.0,314.0,2.57440354185455,12197,STI0H50,121.97,241731,314,2.57,0.0,0.0
0002205,STI 0H50,04/07/2026 00:00:00,01/07/2026 04:46:00,241731.0,242045.0,314.0,2.46719572562269,12727,STI0H50,127.27,242045,314,2.47,0.0,0.0
0002205,STI 0H50,04/07/2026 00:00:00,01/07/2026 04:46:00,241731.0,242045.0,314.0,2.46719572562269,12727,STI0H50,127.27,242045,314,2.47,0.0,0.0
0002206,STF 0J99,30/06/2026 00:00:00,01/06/2026 02:42:00,192309.0,192546.0,237.0,2.59073021425448,9148,STF0J99,91.48,192546,237,2.59,0.0,0.0
0002206,STF 0J99,02/07/2026 00:00:00,01/07/2026 03:17:00,192849.0,193152.0,303.0,2.4911617199704,12163,STF0J99,121.63,193152,303,2.49,0.0,0.0
0002206,STF 0J99,02/07/2026 00:00:00,01/07/2026 03:17:00,192849.0,193152.0,303.0,2.4911617199704,12163,STF0J99,121.63,193152,303,2.49,0.0,0.0
0002206,STF 0J99,03/07/2026 00:00:00,01/07/2026 03:59:00,193152.0,193455.0,303.0,2.47044435385243,12265,STF0J99,122.65,193455,303,2.47,0.0,0.0
0002206,STF 0J99,03/07/2026 00:00:00,01/07/2026 03:59:00,193152.0,193455.0,303.0,2.47044435385243,12265,STF0J99,122.65,193455,303,2.47,0.0,0.0
0002206,STF 0J99,04/07/2026 00:00:00,01/07/2026 01:52:00,193455.0,193756.0,301.0,2.53708698583951,11864,STF0J99,118.64,193756,301,2.54,0.0,0.0
0002206,STF 0J99,04/07/2026 00:00:00,01/07/2026 01:52:00,193455.0,193756.0,301.0,2.53708698583951,11864,STF0J99,118.64,193756,301,2.54,0.0,0.0
0002207,STS 8H76,30/06/2026 00:00:00,01/06/2026 01:33:00,178067.0,178306.0,239.0,2.1235006663705,11255,STS8H76,112.55,178306,239,2.12,0.0,0.0
0002207,STS 8H76,01/07/2026 00:00:00,01/07/2026 21:23:00,178567.0,178763.0,196.0,3.47086948822384,5647,STS8H76,56.47,178763,196,3.47,0.0,0.0
0002207,STS 8H76,01/07/2026 00:00:00,01/07/2026 03:09:00,178306.0,178567.0,261.0,2.06389372133481,12646,STS8H76,126.46,178567,261,2.06,0.0,0.0
0002207,STS 8H76,03/07/2026 00:00:00,01/07/2026 00:00:00,178763.0,179000.0,237.0,1.87960980252201,12609,STS8H76,126.09,179000,237,1.88,0.0,0.0
0002207,STS 8H76,03/07/2026 00:00:00,01/07/2026 00:00:00,178763.0,179000.0,237.0,1.87960980252201,12609,STS8H76,126.09,179000,237,1.88,0.0,0.0
0002207,STS 8H76,04/07/2026 00:00:00,01/07/2026 00:07:00,179000.0,179239.0,239.0,2.0696224454451,11548,STS8H76,115.48,179239,239,2.07,0.0,0.0
0002207,STS 8H76,04/07/2026 00:00:00,01/07/2026 00:07:00,179000.0,179239.0,239.0,2.0696224454451,11548,STS8H76,115.48,179239,239,2.07,0.0,0.0
0002208,STC 2I20,01/07/2026 00:00:00,01/07/2026 05:26:00,184887.0,185139.0,252.0,2.53725332259364,9932,STC2I20,99.32,185139,252,2.54,0.0,0.0
0002208,STC 2I20,03/07/2026 00:00:00,01/07/2026 01:47:00,185455.0,185773.0,318.0,2.20282626766417,14436,STC2I20,144.36,185773,318,2.2,0.0,0.0
0002208,STC 2I20,03/07/2026 00:00:00,01/07/2026 01:47:00,185455.0,185773.0,318.0,2.20282626766417,14436,STC2I20,144.36,185773,318,2.2,0.0,0.0
0002208,STC 2I20,03/07/2026 00:00:00,01/07/2026 21:23:00,185773.0,186021.0,248.0,2.13076724804536,11639,STC2I20,116.39,186021,248,2.13,0.0,0.0
0002208,STC 2I20,03/07/2026 00:00:00,01/07/2026 21:23:00,185773.0,186021.0,248.0,2.13076724804536,11639,STC2I20,116.39,186021,248,2.13,0.0,0.0
0002210,STQ 5C12,28/06/2026 00:00:00,01/06/2026 22:57:00,198278.0,198594.0,316.0,3.02885076200518,10433,STQ5C12,104.33,198594,316,3.03,0.0,0.0
0002210,STQ 5C12,30/06/2026 00:00:00,01/06/2026 03:21:00,198594.0,198999.0,405.0,2.78293135435993,14553,STQ5C12,145.53,198999,405,2.78,0.0,0.0
0002210,STQ 5C12,01/07/2026 00:00:00,01/07/2026 01:41:00,198999.0,199474.0,475.0,2.7037795992714,17568,STQ5C12,175.68,199474,475,2.7,0.0,0.0
0002210,STQ 5C12,02/07/2026 00:00:00,01/07/2026 01:30:00,199474.0,199939.0,465.0,2.67133911644741,17407,STQ5C12,174.07,199939,465,2.67,0.0,0.0
0002210,STQ 5C12,02/07/2026 00:00:00,01/07/2026 01:30:00,199474.0,199939.0,465.0,2.67133911644741,17407,STQ5C12,174.07,199939,465,2.67,0.0,0.0
0002210,STQ 5C12,04/07/2026 00:00:00,01/07/2026 03:53:00,200393.0,200598.0,205.0,3.50247736203656,5853,STQ5C12,58.53,200598,205,3.5,0.0,0.0
0002210,STQ 5C12,04/07/2026 00:00:00,01/07/2026 03:53:00,200393.0,200598.0,205.0,3.50247736203656,5853,STQ5C12,58.53,200598,205,3.5,0.0,0.0
0002211,STS 5I68,28/06/2026 00:00:00,01/06/2026 02:19:00,251425.0,251795.0,370.0,3.11107374085597,11893,STS5I68,118.93,251795,370,3.11,0.0,0.0
0002211,STS 5I68,30/06/2026 00:00:00,01/06/2026 02:46:00,251795.0,252152.0,357.0,2.84371515054963,12554,STS5I68,125.54,252152,357,2.84,0.0,0.0
0002211,STS 5I68,01/07/2026 00:00:00,01/07/2026 05:19:00,252152.0,252531.0,379.0,2.76986041072864,13683,STS5I68,136.83,252531,379,2.77,0.0,0.0
0002211,STS 5I68,02/07/2026 00:00:00,01/07/2026 00:41:00,252531.0,252889.0,358.0,2.92746749529806,12229,STS5I68,122.29,252889,358,2.93,0.0,0.0
0002211,STS 5I68,02/07/2026 00:00:00,01/07/2026 00:41:00,252531.0,252889.0,358.0,2.92746749529806,12229,STS5I68,122.29,252889,358,2.93,0.0,0.0
0002211,STS 5I68,03/07/2026 00:00:00,01/07/2026 00:49:00,252889.0,253239.0,350.0,3.16369881587273,11063,STS5I68,110.63,253239,350,3.16,0.0,0.0
0002211,STS 5I68,03/07/2026 00:00:00,01/07/2026 00:49:00,252889.0,253239.0,350.0,3.16369881587273,11063,STS5I68,110.63,253239,350,3.16,0.0,0.0
0002211,STS 5I68,04/07/2026 00:00:00,01/07/2026 00:30:00,253239.0,253590.0,351.0,2.87516382699869,12208,STS5I68,122.08,253590,351,2.88,0.0,0.0
0002211,STS 5I68,04/07/2026 00:00:00,01/07/2026 00:30:00,253239.0,253590.0,351.0,2.87516382699869,12208,STS5I68,122.08,253590,351,2.88,0.0,0.0
0002212,STL 9H87,28/06/2026 00:00:00,01/06/2026 23:47:00,219715.0,219920.0,205.0,3.01870122220586,6791,STL9H87,67.91,219920,205,3.02,0.0,0.0
0002212,STL 9H87,30/06/2026 00:00:00,01/06/2026 05:00:00,219920.0,220057.0,137.0,3.02695536897923,4526,STL9H87,45.26,220057,137,3.03,0.0,0.0
0002212,STL 9H87,01/07/2026 00:00:00,01/07/2026 03:49:00,220057.0,220393.0,336.0,2.56019506248095,13124,STL9H87,131.24,220393,336,2.56,0.0,0.0
0002212,STL 9H87,02/07/2026 00:00:00,01/07/2026 23:54:00,220707.0,221020.0,313.0,2.57486015136558,12156,STL9H87,121.56,221020,313,2.57,0.0,0.0
0002212,STL 9H87,02/07/2026 00:00:00,01/07/2026 23:54:00,220707.0,221020.0,313.0,2.57486015136558,12156,STL9H87,121.56,221020,313,2.57,0.0,0.0
0002212,STL 9H87,02/07/2026 00:00:00,01/07/2026 01:25:00,220393.0,220707.0,314.0,2.43278840939025,12907,STL9H87,129.07,220707,314,2.43,0.0,0.0
0002212,STL 9H87,02/07/2026 00:00:00,01/07/2026 01:25:00,220393.0,220707.0,314.0,2.43278840939025,12907,STL9H87,129.07,220707,314,2.43,0.0,0.0
0002214,SSR 8D07,30/06/2026 00:00:00,01/06/2026 04:17:00,173919.0,174200.0,281.0,2.31447162507207,12141,SSR8D07,121.41,174200,281,2.31,0.0,0.0
0002214,SSR 8D07,01/07/2026 00:00:00,01/07/2026 02:30:00,174200.0,174547.0,347.0,2.34856175972927,14775,SSR8D07,147.75,174547,347,2.35,0.0,0.0
0002214,SSR 8D07,02/07/2026 00:00:00,01/07/2026 05:22:00,174547.0,174852.0,305.0,2.26782660420849,13449,SSR8D07,134.49,174852,305,2.27,0.0,0.0
0002214,SSR 8D07,02/07/2026 00:00:00,01/07/2026 05:22:00,174547.0,174852.0,305.0,2.26782660420849,13449,SSR8D07,134.49,174852,305,2.27,0.0,0.0
0002214,SSR 8D07,03/07/2026 00:00:00,01/07/2026 01:32:00,174852.0,175157.0,305.0,2.36525785188057,12895,SSR8D07,128.95,175157,305,2.37,0.0,0.0
0002214,SSR 8D07,03/07/2026 00:00:00,01/07/2026 01:32:00,174852.0,175157.0,305.0,2.36525785188057,12895,SSR8D07,128.95,175157,305,2.37,0.0,0.0
0002214,SSR 8D07,04/07/2026 00:00:00,01/07/2026 00:34:00,175157.0,175462.0,305.0,2.31833384007297,13156,SSR8D07,131.56,175462,305,2.32,0.0,0.0
0002214,SSR 8D07,04/07/2026 00:00:00,01/07/2026 00:34:00,175157.0,175462.0,305.0,2.31833384007297,13156,SSR8D07,131.56,175462,305,2.32,0.0,0.0
0002215,SSW 9F41,30/06/2026 00:00:00,01/06/2026 02:28:00,186549.0,186826.0,277.0,2.50361532899494,11064,SSW9F41,110.64,186826,277,2.5,0.0,0.0
0002215,SSW 9F41,02/07/2026 00:00:00,01/07/2026 02:19:00,187147.0,187282.0,135.0,2.31799450549451,5824,SSW9F41,58.24,187282,135,2.32,0.0,0.0
0002215,SSW 9F41,02/07/2026 00:00:00,01/07/2026 02:19:00,187147.0,187282.0,135.0,2.31799450549451,5824,SSW9F41,58.24,187282,135,2.32,0.0,0.0
0002215,SSW 9F41,03/07/2026 00:00:00,01/07/2026 02:31:00,187282.0,187598.0,316.0,2.43714329785593,12966,SSW9F41,129.66,187598,316,2.44,0.0,0.0
0002215,SSW 9F41,03/07/2026 00:00:00,01/07/2026 02:31:00,187282.0,187598.0,316.0,2.43714329785593,12966,SSW9F41,129.66,187598,316,2.44,0.0,0.0
0002216,STH 4E80,28/06/2026 00:00:00,01/06/2026 23:15:00,197870.0,198187.0,317.0,2.94746629474663,10755,STH4E80,107.55,198187,317,2.95,0.0,0.0
0002216,STH 4E80,01/07/2026 00:00:00,01/07/2026 01:15:00,198420.0,198642.0,222.0,2.42305173542895,9162,STH4E80,91.62,198642,222,2.42,0.0,0.0
0002216,STH 4E80,01/07/2026 00:00:00,01/07/2026 23:29:00,198642.0,198888.0,246.0,2.67798824297845,9186,STH4E80,91.86,198888,246,2.68,0.0,0.0
0002216,STH 4E80,02/07/2026 00:00:00,01/07/2026 21:34:00,198888.0,199008.0,120.0,2.2002200220022,5454,STH4E80,54.54,199008,120,2.2,0.0,0.0
0002216,STH 4E80,02/07/2026 00:00:00,01/07/2026 21:34:00,198888.0,199008.0,120.0,2.2002200220022,5454,STH4E80,54.54,199008,120,2.2,0.0,0.0
0002216,STH 4E80,03/07/2026 00:00:00,01/07/2026 23:37:00,199008.0,199253.0,245.0,2.66565118050267,9191,STH4E80,91.91,199253,245,2.67,0.0,0.0
0002216,STH 4E80,03/07/2026 00:00:00,01/07/2026 23:37:00,199008.0,199253.0,245.0,2.66565118050267,9191,STH4E80,91.91,199253,245,2.67,0.0,0.0
0002217,SVV 6B39,30/06/2026 00:00:00,01/06/2026 03:51:00,186738.0,186975.0,237.0,2.52369289745501,9391,SVV6B39,93.91,186975,237,2.52,0.0,0.0
0002217,SVV 6B39,01/07/2026 00:00:00,01/07/2026 01:05:00,186975.0,187185.0,210.0,1.95112886741615,10763,SVV6B39,107.63,187185,210,1.95,0.0,0.0
0002217,SVV 6B39,02/07/2026 00:00:00,01/07/2026 02:48:00,187185.0,187487.0,302.0,2.2814837198761,13237,SVV6B39,132.37,187487,302,2.28,0.0,0.0
0002217,SVV 6B39,02/07/2026 00:00:00,01/07/2026 02:48:00,187185.0,187487.0,302.0,2.2814837198761,13237,SVV6B39,132.37,187487,302,2.28,0.0,0.0
0002217,SVV 6B39,03/07/2026 00:00:00,01/07/2026 02:55:00,187487.0,187789.0,302.0,2.26352870634088,13342,SVV6B39,133.42,187789,302,2.26,0.0,0.0
0002217,SVV 6B39,03/07/2026 00:00:00,01/07/2026 02:55:00,187487.0,187789.0,302.0,2.26352870634088,13342,SVV6B39,133.42,187789,302,2.26,0.0,0.0
0002217,SVV 6B39,04/07/2026 00:00:00,01/07/2026 02:59:00,187789.0,188093.0,304.0,2.27187803602122,13381,SVV6B39,133.81,188093,304,2.27,0.0,0.0
0002217,SVV 6B39,04/07/2026 00:00:00,01/07/2026 02:59:00,187789.0,188093.0,304.0,2.27187803602122,13381,SVV6B39,133.81,188093,304,2.27,0.0,0.0
0002219,SSY 8E87,30/06/2026 00:00:00,01/06/2026 02:05:00,163203.0,163530.0,327.0,2.6360338573156,12405,SSY8E87,124.05,163530,327,2.64,0.0,0.0
0002219,SSY 8E87,01/07/2026 00:00:00,01/07/2026 05:32:00,163530.0,163664.0,134.0,2.27542876549499,5889,SSY8E87,58.89,163664,134,2.28,0.0,0.0
0002219,SSY 8E87,02/07/2026 00:00:00,01/07/2026 02:09:00,163664.0,164030.0,366.0,2.59372121040323,14111,SSY8E87,141.11,164030,366,2.59,0.0,0.0
0002219,SSY 8E87,02/07/2026 00:00:00,01/07/2026 02:09:00,163664.0,164030.0,366.0,2.59372121040323,14111,SSY8E87,141.11,164030,366,2.59,0.0,0.0
0002219,SSY 8E87,03/07/2026 00:00:00,01/07/2026 04:16:00,164030.0,164393.0,363.0,2.59156136217605,14007,SSY8E87,140.07,164393,363,2.59,0.0,0.0
0002219,SSY 8E87,03/07/2026 00:00:00,01/07/2026 04:16:00,164030.0,164393.0,363.0,2.59156136217605,14007,SSY8E87,140.07,164393,363,2.59,0.0,0.0
0002219,SSY 8E87,04/07/2026 00:00:00,01/07/2026 02:14:00,164393.0,164754.0,361.0,2.60668640335042,13849,SSY8E87,138.49,164754,361,2.61,0.0,0.0
0002219,SSY 8E87,04/07/2026 00:00:00,01/07/2026 02:14:00,164393.0,164754.0,361.0,2.60668640335042,13849,SSY8E87,138.49,164754,361,2.61,0.0,0.0
0002220,SUU 8F29,30/06/2026 00:00:00,01/06/2026 01:30:00,172255.0,172455.0,200.0,2.48787162582411,8039,SUU8F29,80.39,172455,200,2.49,0.0,0.0
0002220,SUU 8F29,01/07/2026 00:00:00,01/07/2026 01:29:00,172455.0,172696.0,241.0,2.21588819418904,10876,SUU8F29,108.76,172696,241,2.22,0.0,0.0
0002220,SUU 8F29,02/07/2026 00:00:00,01/07/2026 01:08:00,172696.0,172934.0,238.0,2.07878417329024,11449,SUU8F29,114.49,172934,238,2.08,0.0,0.0
0002220,SUU 8F29,02/07/2026 00:00:00,01/07/2026 01:08:00,172696.0,172934.0,238.0,2.07878417329024,11449,SUU8F29,114.49,172934,238,2.08,0.0,0.0
0002220,SUU 8F29,03/07/2026 00:00:00,01/07/2026 04:31:00,172934.0,173181.0,247.0,2.21902793998742,11131,SUU8F29,111.31,173181,247,2.22,0.0,0.0
0002220,SUU 8F29,03/07/2026 00:00:00,01/07/2026 04:31:00,172934.0,173181.0,247.0,2.21902793998742,11131,SUU8F29,111.31,173181,247,2.22,0.0,0.0
0002220,SUU 8F29,04/07/2026 00:00:00,01/07/2026 00:58:00,173181.0,173410.0,229.0,2.10652193910404,10871,SUU8F29,108.71,173410,229,2.11,0.0,0.0
0002220,SUU 8F29,04/07/2026 00:00:00,01/07/2026 00:58:00,173181.0,173410.0,229.0,2.10652193910404,10871,SUU8F29,108.71,173410,229,2.11,0.0,0.0
0002221,SVM 6D99,28/06/2026 00:00:00,01/06/2026 02:26:00,185490.0,185895.0,405.0,2.41445093597234,16774,SVM6D99,167.74,185895,405,2.41,0.0,0.0
0002221,SVM 6D99,29/06/2026 00:00:00,01/06/2026 23:03:00,185895.0,186176.0,281.0,2.38986222146624,11758,SVM6D99,117.58,186176,281,2.39,0.0,0.0
0002221,SVM 6D99,30/06/2026 00:00:00,01/07/2026 23:12:00,186176.0,186481.0,305.0,2.24976027144649,13557,SVM6D99,135.57,186481,305,2.25,0.0,0.0
0002221,SVM 6D99,02/07/2026 00:00:00,01/07/2026 00:26:00,186481.0,186787.0,306.0,2.21674876847291,13804,SVM6D99,138.04,186787,306,2.22,0.0,0.0
0002221,SVM 6D99,02/07/2026 00:00:00,01/07/2026 00:26:00,186481.0,186787.0,306.0,2.21674876847291,13804,SVM6D99,138.04,186787,306,2.22,0.0,0.0
0002221,SVM 6D99,03/07/2026 00:00:00,01/07/2026 00:04:00,186787.0,187093.0,306.0,2.25381159313545,13577,SVM6D99,135.77,187093,306,2.25,0.0,0.0
0002221,SVM 6D99,03/07/2026 00:00:00,01/07/2026 00:04:00,186787.0,187093.0,306.0,2.25381159313545,13577,SVM6D99,135.77,187093,306,2.25,0.0,0.0
0002222,SVC 8H80,29/06/2026 00:00:00,01/06/2026 01:34:00,177041.0,177459.0,418.0,2.3973388391833,17436,SVC8H80,174.36,177459,418,2.4,0.0,0.0
0002222,SVC 8H80,30/06/2026 00:00:00,01/06/2026 03:02:00,177459.0,177766.0,307.0,2.39022111491747,12844,SVC8H80,128.44,177766,307,2.39,0.0,0.0
0002222,SVC 8H80,01/07/2026 00:00:00,01/07/2026 01:33:00,177766.0,178101.0,335.0,2.24771873322598,14904,SVC8H80,149.04,178101,335,2.25,0.0,0.0
0002222,SVC 8H80,02/07/2026 00:00:00,01/07/2026 03:54:00,178101.0,178436.0,335.0,2.34528143377205,14284,SVC8H80,142.84,178436,335,2.35,0.0,0.0
0002222,SVC 8H80,02/07/2026 00:00:00,01/07/2026 03:54:00,178101.0,178436.0,335.0,2.34528143377205,14284,SVC8H80,142.84,178436,335,2.35,0.0,0.0
0002222,SVC 8H80,03/07/2026 00:00:00,01/07/2026 00:35:00,178436.0,178771.0,335.0,2.37554956743724,14102,SVC8H80,141.02,178771,335,2.38,0.0,0.0
0002222,SVC 8H80,03/07/2026 00:00:00,01/07/2026 00:35:00,178436.0,178771.0,335.0,2.37554956743724,14102,SVC8H80,141.02,178771,335,2.38,0.0,0.0
0002222,SVC 8H80,04/07/2026 00:00:00,01/07/2026 00:43:00,178771.0,179106.0,335.0,2.26841820151679,14768,SVC8H80,147.68,179106,335,2.27,0.0,0.0
0002222,SVC 8H80,04/07/2026 00:00:00,01/07/2026 00:43:00,178771.0,179106.0,335.0,2.26841820151679,14768,SVC8H80,147.68,179106,335,2.27,0.0,0.0
0002223,SVL 6B49,28/06/2026 00:00:00,01/06/2026 01:29:00,173427.0,173741.0,314.0,2.47907784620243,12666,SVL6B49,126.66,173741,314,2.48,0.0,0.0
0002223,SVL 6B49,30/06/2026 00:00:00,01/06/2026 00:26:00,173741.0,173965.0,224.0,2.39674727156003,9346,SVL6B49,93.46,173965,224,2.4,0.0,0.0
0002223,SVL 6B49,01/07/2026 00:00:00,01/07/2026 04:45:00,173965.0,174219.0,254.0,2.13858718531616,11877,SVL6B49,118.77,174219,254,2.14,0.0,0.0
0002223,SVL 6B49,02/07/2026 00:00:00,01/07/2026 00:08:00,174219.0,174472.0,253.0,2.43878928089454,10374,SVL6B49,103.74,174472,253,2.44,0.0,0.0
0002223,SVL 6B49,02/07/2026 00:00:00,01/07/2026 00:08:00,174219.0,174472.0,253.0,2.43878928089454,10374,SVL6B49,103.74,174472,253,2.44,0.0,0.0
0002223,SVL 6B49,03/07/2026 00:00:00,01/07/2026 00:08:00,174472.0,174725.0,253.0,2.33480989294943,10836,SVL6B49,108.36,174725,253,2.33,0.0,0.0
0002223,SVL 6B49,03/07/2026 00:00:00,01/07/2026 00:08:00,174472.0,174725.0,253.0,2.33480989294943,10836,SVL6B49,108.36,174725,253,2.33,0.0,0.0
0002223,SVL 6B49,04/07/2026 00:00:00,01/07/2026 00:03:00,174725.0,174978.0,253.0,2.37091181707431,10671,SVL6B49,106.71,174978,253,2.37,0.0,0.0
0002223,SVL 6B49,04/07/2026 00:00:00,01/07/2026 00:03:00,174725.0,174978.0,253.0,2.37091181707431,10671,SVL6B49,106.71,174978,253,2.37,0.0,0.0
0002224,CUN 8H21,29/06/2026 00:00:00,01/06/2026 23:37:00,198838.0,199094.0,256.0,2.6291465543802,9737,CUN8H21,97.37,199094,256,2.63,0.0,0.0
0002224,CUN 8H21,01/07/2026 00:00:00,01/07/2026 05:07:00,199094.0,199385.0,291.0,2.38935873224403,12179,CUN8H21,121.79,199385,291,2.39,0.0,0.0
0002224,CUN 8H21,02/07/2026 00:00:00,01/07/2026 01:00:00,199385.0,199668.0,283.0,2.33536887275128,12118,CUN8H21,121.18,199668,283,2.34,0.0,0.0
0002224,CUN 8H21,02/07/2026 00:00:00,01/07/2026 01:00:00,199385.0,199668.0,283.0,2.33536887275128,12118,CUN8H21,121.18,199668,283,2.34,0.0,0.0
0002224,CUN 8H21,03/07/2026 00:00:00,01/07/2026 00:55:00,199668.0,199796.0,128.0,2.28612252187891,5599,CUN8H21,55.99,199796,128,2.29,0.0,0.0
0002224,CUN 8H21,03/07/2026 00:00:00,01/07/2026 00:55:00,199668.0,199796.0,128.0,2.28612252187891,5599,CUN8H21,55.99,199796,128,2.29,0.0,0.0
0002225,GJW 9A82,28/06/2026 00:00:00,01/06/2026 01:42:00,223265.0,223642.0,377.0,2.59213421342134,14544,GJW9A82,145.44,223642,377,2.59,0.0,0.0
0002225,GJW 9A82,30/06/2026 00:00:00,01/06/2026 00:08:00,223642.0,223922.0,280.0,2.6520174275431,10558,GJW9A82,105.58,223922,280,2.65,0.0,0.0
0002225,GJW 9A82,01/07/2026 00:00:00,01/07/2026 00:16:00,223922.0,224228.0,306.0,2.40301554892414,12734,GJW9A82,127.34,224228,306,2.4,0.0,0.0
0002225,GJW 9A82,02/07/2026 00:00:00,01/07/2026 04:11:00,224228.0,224557.0,329.0,2.46220625654842,13362,GJW9A82,133.62,224557,329,2.46,0.0,0.0
0002225,GJW 9A82,02/07/2026 00:00:00,01/07/2026 04:11:00,224228.0,224557.0,329.0,2.46220625654842,13362,GJW9A82,133.62,224557,329,2.46,0.0,0.0
0002225,GJW 9A82,03/07/2026 00:00:00,01/07/2026 21:44:00,224885.0,225121.0,236.0,2.46192363863968,9586,GJW9A82,95.86,225121,236,2.46,0.0,0.0
0002225,GJW 9A82,03/07/2026 00:00:00,01/07/2026 21:44:00,224885.0,225121.0,236.0,2.46192363863968,9586,GJW9A82,95.86,225121,236,2.46,0.0,0.0
0002226,SVM 8H10,30/06/2026 00:00:00,01/06/2026 01:44:00,242373.0,242574.0,201.0,2.67964271430476,7501,SVM8H10,75.01,242574,201,2.68,0.0,0.0
0002226,SVM 8H10,01/07/2026 00:00:00,01/07/2026 01:44:00,242574.0,242815.0,241.0,2.36785223030065,10178,SVM8H10,101.78,242815,241,2.37,0.0,0.0
0002226,SVM 8H10,02/07/2026 00:00:00,01/07/2026 04:39:00,242815.0,243054.0,239.0,2.26197236418701,10566,SVM8H10,105.66,243054,239,2.26,0.0,0.0
0002226,SVM 8H10,02/07/2026 00:00:00,01/07/2026 04:39:00,242815.0,243054.0,239.0,2.26197236418701,10566,SVM8H10,105.66,243054,239,2.26,0.0,0.0
0002226,SVM 8H10,03/07/2026 00:00:00,01/07/2026 05:19:00,243054.0,243292.0,238.0,2.29929475413004,10351,SVM8H10,103.51,243292,238,2.3,0.0,0.0
0002226,SVM 8H10,03/07/2026 00:00:00,01/07/2026 05:19:00,243054.0,243292.0,238.0,2.29929475413004,10351,SVM8H10,103.51,243292,238,2.3,0.0,0.0
0002226,SVM 8H10,04/07/2026 00:00:00,01/07/2026 01:20:00,243292.0,243532.0,240.0,2.43828101188662,9843,SVM8H10,98.43,243532,240,2.44,0.0,0.0
0002226,SVM 8H10,04/07/2026 00:00:00,01/07/2026 01:20:00,243292.0,243532.0,240.0,2.43828101188662,9843,SVM8H10,98.43,243532,240,2.44,0.0,0.0
0002228,SWF 8G08,30/06/2026 00:00:00,01/06/2026 00:02:00,172345.0,172559.0,214.0,2.07807341231307,10298,SWF8G08,102.98,172559,214,2.08,0.0,0.0
0002228,SWF 8G08,01/07/2026 00:00:00,01/07/2026 00:01:00,172559.0,172795.0,236.0,1.96404793608522,12016,SWF8G08,120.16,172795,236,1.96,0.0,0.0
0002228,SWF 8G08,02/07/2026 00:00:00,01/07/2026 02:26:00,172795.0,173079.0,284.0,2.19831256289186,12919,SWF8G08,129.19,173079,284,2.2,0.0,0.0
0002228,SWF 8G08,02/07/2026 00:00:00,01/07/2026 02:26:00,172795.0,173079.0,284.0,2.19831256289186,12919,SWF8G08,129.19,173079,284,2.2,0.0,0.0
0002228,SWF 8G08,03/07/2026 00:00:00,01/07/2026 04:19:00,173079.0,173364.0,285.0,2.24816596986669,12677,SWF8G08,126.77,173364,285,2.25,0.0,0.0
0002228,SWF 8G08,03/07/2026 00:00:00,01/07/2026 04:19:00,173079.0,173364.0,285.0,2.24816596986669,12677,SWF8G08,126.77,173364,285,2.25,0.0,0.0
0002228,SWF 8G08,04/07/2026 00:00:00,01/07/2026 04:23:00,173364.0,173648.0,284.0,2.19220378232343,12955,SWF8G08,129.55,173648,284,2.19,0.0,0.0
0002228,SWF 8G08,04/07/2026 00:00:00,01/07/2026 04:23:00,173364.0,173648.0,284.0,2.19220378232343,12955,SWF8G08,129.55,173648,284,2.19,0.0,0.0
0002229,SVO 4A58,30/06/2026 00:00:00,01/06/2026 01:10:00,199053.0,199312.0,259.0,2.58689572512984,10012,SVO4A58,100.12,199312,259,2.59,0.0,0.0
0002229,SVO 4A58,02/07/2026 00:00:00,01/07/2026 02:43:00,199551.0,199897.0,346.0,2.55369399955716,13549,SVO4A58,135.49,199897,346,2.55,0.0,0.0
0002229,SVO 4A58,02/07/2026 00:00:00,01/07/2026 02:43:00,199551.0,199897.0,346.0,2.55369399955716,13549,SVO4A58,135.49,199897,346,2.55,0.0,0.0
0002229,SVO 4A58,03/07/2026 00:00:00,01/07/2026 02:52:00,199897.0,200243.0,346.0,2.57555456304898,13434,SVO4A58,134.34,200243,346,2.58,0.0,0.0
0002229,SVO 4A58,03/07/2026 00:00:00,01/07/2026 02:52:00,199897.0,200243.0,346.0,2.57555456304898,13434,SVO4A58,134.34,200243,346,2.58,0.0,0.0
0002229,SVO 4A58,04/07/2026 00:00:00,01/07/2026 03:02:00,200243.0,200590.0,347.0,2.50162208925096,13871,SVO4A58,138.71,200590,347,2.5,0.0,0.0
0002229,SVO 4A58,04/07/2026 00:00:00,01/07/2026 03:02:00,200243.0,200590.0,347.0,2.50162208925096,13871,SVO4A58,138.71,200590,347,2.5,0.0,0.0
0002230,SVL 6C00,30/06/2026 00:00:00,01/06/2026 02:00:00,178488.0,178772.0,284.0,2.42776542998803,11698,SVL6C00,116.98,178772,284,2.43,0.0,0.0
0002230,SVL 6C00,01/07/2026 00:00:00,01/07/2026 04:10:00,178772.0,179088.0,316.0,2.21273020096632,14281,SVL6C00,142.81,179088,316,2.21,0.0,0.0
0002230,SVL 6C00,02/07/2026 00:00:00,01/07/2026 04:29:00,179088.0,179369.0,281.0,2.25757210572829,12447,SVL6C00,124.47,179369,281,2.26,0.0,0.0
0002230,SVL 6C00,02/07/2026 00:00:00,01/07/2026 04:29:00,179088.0,179369.0,281.0,2.25757210572829,12447,SVL6C00,124.47,179369,281,2.26,0.0,0.0
0002230,SVL 6C00,03/07/2026 00:00:00,01/07/2026 03:53:00,179369.0,179651.0,282.0,2.12974850842081,13241,SVL6C00,132.41,179651,282,2.13,0.0,0.0
0002230,SVL 6C00,03/07/2026 00:00:00,01/07/2026 03:53:00,179369.0,179651.0,282.0,2.12974850842081,13241,SVL6C00,132.41,179651,282,2.13,0.0,0.0
0002230,SVL 6C00,04/07/2026 00:00:00,01/07/2026 02:02:00,179651.0,179935.0,284.0,2.27783124799487,12468,SVL6C00,124.68,179935,284,2.28,0.0,0.0
0002230,SVL 6C00,04/07/2026 00:00:00,01/07/2026 02:02:00,179651.0,179935.0,284.0,2.27783124799487,12468,SVL6C00,124.68,179935,284,2.28,0.0,0.0
0002231,SWJ 8J74,30/06/2026 00:00:00,01/06/2026 04:56:00,194447.0,194748.0,301.0,2.43626062322946,12355,SWJ8J74,123.55,194748,301,2.44,0.0,0.0
0002231,SWJ 8J74,01/07/2026 00:00:00,01/07/2026 01:26:00,194748.0,195097.0,349.0,2.41155334438917,14472,SWJ8J74,144.72,195097,349,2.41,0.0,0.0
0002231,SWJ 8J74,01/07/2026 00:00:00,01/07/2026 23:36:00,195097.0,195422.0,325.0,2.3265802849166,13969,SWJ8J74,139.69,195422,325,2.33,0.0,0.0
0002231,SWJ 8J74,02/07/2026 00:00:00,01/07/2026 23:31:00,195422.0,195749.0,327.0,2.37265999129299,13782,SWJ8J74,137.82,195749,327,2.37,0.0,0.0
0002231,SWJ 8J74,02/07/2026 00:00:00,01/07/2026 23:31:00,195422.0,195749.0,327.0,2.37265999129299,13782,SWJ8J74,137.82,195749,327,2.37,0.0,0.0
0002231,SWJ 8J74,04/07/2026 00:00:00,01/07/2026 04:19:00,195749.0,196077.0,328.0,2.34018264840183,14016,SWJ8J74,140.16,196077,328,2.34,0.0,0.0
0002231,SWJ 8J74,04/07/2026 00:00:00,01/07/2026 04:19:00,195749.0,196077.0,328.0,2.34018264840183,14016,SWJ8J74,140.16,196077,328,2.34,0.0,0.0
0002232,SVM 0F60,28/06/2026 00:00:00,01/06/2026 01:11:00,194014.0,194294.0,280.0,2.51527128997485,11132,SVM0F60,111.32,194294,280,2.52,0.0,0.0
0002232,SVM 0F60,30/06/2026 00:00:00,01/06/2026 01:54:00,194294.0,194556.0,262.0,2.50933818599751,10441,SVM0F60,104.41,194556,262,2.51,0.0,0.0
0002232,SVM 0F60,01/07/2026 00:00:00,01/07/2026 02:06:00,194556.0,194851.0,295.0,2.2673122742295,13011,SVM0F60,130.11,194851,295,2.27,0.0,0.0
0002232,SVM 0F60,02/07/2026 00:00:00,01/07/2026 01:49:00,194851.0,195153.0,302.0,2.40579941049948,12553,SVM0F60,125.53,195153,302,2.41,0.0,0.0
0002232,SVM 0F60,02/07/2026 00:00:00,01/07/2026 01:49:00,194851.0,195153.0,302.0,2.40579941049948,12553,SVM0F60,125.53,195153,302,2.41,0.0,0.0
0002232,SVM 0F60,04/07/2026 00:00:00,01/07/2026 01:49:00,195451.0,195747.0,296.0,2.47202271588442,11974,SVM0F60,119.74,195747,296,2.47,0.0,0.0
0002232,SVM 0F60,04/07/2026 00:00:00,01/07/2026 01:49:00,195451.0,195747.0,296.0,2.47202271588442,11974,SVM0F60,119.74,195747,296,2.47,0.0,0.0
0002233,SWF 2C40,01/07/2026 00:00:00,01/07/2026 00:47:00,225671.0,226003.0,332.0,2.18507305515335,15194,SWF2C40,151.94,226003,332,2.19,0.0,0.0
0002233,SWF 2C40,02/07/2026 00:00:00,01/07/2026 03:39:00,226003.0,226334.0,331.0,2.17634295482938,15209,SWF2C40,152.09,226334,331,2.18,0.0,0.0
0002233,SWF 2C40,02/07/2026 00:00:00,01/07/2026 03:39:00,226003.0,226334.0,331.0,2.17634295482938,15209,SWF2C40,152.09,226334,331,2.18,0.0,0.0
0002233,SWF 2C40,03/07/2026 00:00:00,01/07/2026 03:23:00,226334.0,226664.0,330.0,2.41386877331578,13671,SWF2C40,136.71,226664,330,2.41,0.0,0.0
0002233,SWF 2C40,03/07/2026 00:00:00,01/07/2026 03:23:00,226334.0,226664.0,330.0,2.41386877331578,13671,SWF2C40,136.71,226664,330,2.41,0.0,0.0
0002233,SWF 2C40,04/07/2026 00:00:00,01/07/2026 04:01:00,226664.0,226994.0,330.0,2.26772952171523,14552,SWF2C40,145.52,226994,330,2.27,0.0,0.0
0002233,SWF 2C40,04/07/2026 00:00:00,01/07/2026 04:01:00,226664.0,226994.0,330.0,2.26772952171523,14552,SWF2C40,145.52,226994,330,2.27,0.0,0.0
0002234,STX 9G08,30/06/2026 00:00:00,01/06/2026 00:53:00,162174.0,162414.0,240.0,2.11770934439248,11333,STX9G08,113.33,162414,240,2.12,0.0,0.0
0002234,STX 9G08,01/07/2026 00:00:00,01/07/2026 03:42:00,162414.0,162677.0,263.0,2.00426764212772,13122,STX9G08,131.22,162677,263,2.0,0.0,0.0
0002234,STX 9G08,02/07/2026 00:00:00,01/07/2026 04:22:00,162677.0,162938.0,261.0,2.09874557735606,12436,STX9G08,124.36,162938,261,2.1,0.0,0.0
0002234,STX 9G08,02/07/2026 00:00:00,01/07/2026 04:22:00,162677.0,162938.0,261.0,2.09874557735606,12436,STX9G08,124.36,162938,261,2.1,0.0,0.0
0002234,STX 9G08,03/07/2026 00:00:00,01/07/2026 03:12:00,162938.0,163199.0,261.0,2.05592753052383,12695,STX9G08,126.95,163199,261,2.06,0.0,0.0
0002234,STX 9G08,03/07/2026 00:00:00,01/07/2026 03:12:00,162938.0,163199.0,261.0,2.05592753052383,12695,STX9G08,126.95,163199,261,2.06,0.0,0.0
0002234,STX 9G08,04/07/2026 00:00:00,01/07/2026 04:29:00,163199.0,163460.0,261.0,2.07455687147286,12581,STX9G08,125.81,163460,261,2.07,0.0,0.0
0002234,STX 9G08,04/07/2026 00:00:00,01/07/2026 04:29:00,163199.0,163460.0,261.0,2.07455687147286,12581,STX9G08,125.81,163460,261,2.07,0.0,0.0
0002235,SWW 9H38,28/06/2026 00:00:00,01/06/2026 00:47:00,191000.0,191324.0,324.0,2.64814058030241,12235,SWW9H38,122.35,191324,324,2.65,0.0,0.0
0002235,SWW 9H38,29/06/2026 00:00:00,01/06/2026 23:56:00,191324.0,191628.0,304.0,2.90436610299035,10467,SWW9H38,104.67,191628,304,2.9,0.0,0.0
0002235,SWW 9H38,01/07/2026 00:00:00,01/07/2026 03:28:00,191628.0,191921.0,293.0,2.28335411471322,12832,SWW9H38,128.32,191921,293,2.28,0.0,0.0
0002235,SWW 9H38,03/07/2026 00:00:00,01/07/2026 01:42:00,192191.0,192452.0,261.0,2.39471511147812,10899,SWW9H38,108.99,192452,261,2.39,0.0,0.0
0002235,SWW 9H38,03/07/2026 00:00:00,01/07/2026 01:42:00,192191.0,192452.0,261.0,2.39471511147812,10899,SWW9H38,108.99,192452,261,2.39,0.0,0.0
0002235,SWW 9H38,04/07/2026 00:00:00,01/07/2026 03:18:00,192452.0,192714.0,262.0,2.22259925347811,11788,SWW9H38,117.88,192714,262,2.22,0.0,0.0
0002235,SWW 9H38,04/07/2026 00:00:00,01/07/2026 03:18:00,192452.0,192714.0,262.0,2.22259925347811,11788,SWW9H38,117.88,192714,262,2.22,0.0,0.0
0002237,STR 9G70,28/06/2026 00:00:00,01/06/2026 01:22:00,245089.0,245373.0,284.0,2.43046640992726,11685,STR9G70,116.85,245373,284,2.43,0.0,0.0
0002237,STR 9G70,29/06/2026 00:00:00,01/06/2026 23:44:00,245373.0,245546.0,173.0,1.7907048959735,9661,STR9G70,96.61,245546,173,1.79,0.0,0.0
0002237,STR 9G70,01/07/2026 00:00:00,01/07/2026 21:45:00,245781.0,245941.0,160.0,1.90181861404969,8413,STR9G70,84.13,245941,160,1.9,0.0,0.0
0002237,STR 9G70,03/07/2026 00:00:00,01/07/2026 23:14:00,246177.0,246412.0,235.0,2.09223646723647,11232,STR9G70,112.32,246412,235,2.09,0.0,0.0
0002237,STR 9G70,03/07/2026 00:00:00,01/07/2026 23:14:00,246177.0,246412.0,235.0,2.09223646723647,11232,STR9G70,112.32,246412,235,2.09,0.0,0.0
0002238,STS 2E59,28/06/2026 00:00:00,01/06/2026 20:24:00,171172.0,171359.0,187.0,2.68987341772152,6952,STS2E59,69.52,171359,187,2.69,0.0,0.0
0002238,STS 2E59,29/06/2026 00:00:00,01/06/2026 23:06:00,171359.0,171525.0,166.0,2.32982456140351,7125,STS2E59,71.25,171525,166,2.33,0.0,0.0
0002238,STS 2E59,01/07/2026 00:00:00,01/07/2026 23:14:00,171738.0,171951.0,213.0,2.19632914002887,9698,STS2E59,96.98,171951,213,2.2,0.0,0.0
0002238,STS 2E59,02/07/2026 00:00:00,01/07/2026 23:19:00,171951.0,172163.0,212.0,2.29412401255275,9241,STS2E59,92.41,172163,212,2.29,0.0,0.0
0002238,STS 2E59,02/07/2026 00:00:00,01/07/2026 23:19:00,171951.0,172163.0,212.0,2.29412401255275,9241,STS2E59,92.41,172163,212,2.29,0.0,0.0
0002239,STI 2G11,30/06/2026 00:00:00,01/06/2026 04:13:00,244860.0,245093.0,233.0,2.28498578013141,10197,STI2G11,101.97,245093,233,2.28,0.0,0.0
0002239,STI 2G11,01/07/2026 00:00:00,01/07/2026 02:10:00,245093.0,245363.0,270.0,2.2410358565737,12048,STI2G11,120.48,245363,270,2.24,0.0,0.0
0002239,STI 2G11,02/07/2026 00:00:00,01/07/2026 01:04:00,245363.0,245601.0,238.0,2.08132925229558,11435,STI2G11,114.35,245601,238,2.08,0.0,0.0
0002239,STI 2G11,02/07/2026 00:00:00,01/07/2026 01:04:00,245363.0,245601.0,238.0,2.08132925229558,11435,STI2G11,114.35,245601,238,2.08,0.0,0.0
0002239,STI 2G11,03/07/2026 00:00:00,01/07/2026 04:34:00,245601.0,245842.0,241.0,2.1471846044191,11224,STI2G11,112.24,245842,241,2.15,0.0,0.0
0002239,STI 2G11,03/07/2026 00:00:00,01/07/2026 04:34:00,245601.0,245842.0,241.0,2.1471846044191,11224,STI2G11,112.24,245842,241,2.15,0.0,0.0
0002239,STI 2G11,04/07/2026 00:00:00,01/07/2026 01:03:00,245842.0,246080.0,238.0,2.2387357727401,10631,STI2G11,106.31,246080,238,2.24,0.0,0.0
0002239,STI 2G11,04/07/2026 00:00:00,01/07/2026 01:03:00,245842.0,246080.0,238.0,2.2387357727401,10631,STI2G11,106.31,246080,238,2.24,0.0,0.0
0002240,UAM 0C19,29/06/2026 00:00:00,01/06/2026 22:59:00,,,,,9001,UAM0C19,90.01,60723,203,2.26,,
0002240,UAM 0C19,30/06/2026 00:00:00,01/07/2026 23:48:00,60723.0,60958.0,235.0,2.54246456778102,9243,UAM0C19,92.43,60958,235,2.54,0.0,0.0
0002240,UAM 0C19,01/07/2026 00:00:00,01/07/2026 23:55:00,60958.0,61154.0,196.0,2.51121076233184,7805,UAM0C19,78.05,61154,196,2.51,0.0,0.0
0002240,UAM 0C19,03/07/2026 00:00:00,01/07/2026 03:04:00,61154.0,61598.0,444.0,2.81048233953665,15798,UAM0C19,157.98,61598,444,2.81,0.0,0.0
0002240,UAM 0C19,03/07/2026 00:00:00,01/07/2026 03:04:00,61154.0,61598.0,444.0,2.81048233953665,15798,UAM0C19,157.98,61598,444,2.81,0.0,0.0
0002240,UAM 0C19,04/07/2026 00:00:00,01/07/2026 01:37:00,61598.0,62044.0,446.0,2.92478195291495,15249,UAM0C19,152.49,62044,446,2.92,0.0,0.0
0002240,UAM 0C19,04/07/2026 00:00:00,01/07/2026 01:37:00,61598.0,62044.0,446.0,2.92478195291495,15249,UAM0C19,152.49,62044,446,2.92,0.0,0.0
0002241,UAL 2A70,30/06/2026 00:00:00,01/06/2026 03:08:00,60643.0,61002.0,359.0,3.23685871427283,11091,UAL2A70,110.91,61002,359,3.24,0.0,0.0
0002241,UAL 2A70,01/07/2026 00:00:00,01/07/2026 23:11:00,61440.0,61682.0,242.0,2.34178440100639,10334,UAL2A70,103.34,61682,242,2.34,0.0,0.0
0002241,UAL 2A70,01/07/2026 00:00:00,01/07/2026 03:35:00,61002.0,61440.0,438.0,2.98609217343878,14668,UAL2A70,146.68,61440,438,2.99,0.0,0.0
0002241,UAL 2A70,03/07/2026 00:00:00,01/07/2026 00:58:00,61682.0,62080.0,398.0,2.95077105575326,13488,UAL2A70,134.88,62080,398,2.95,0.0,0.0
0002241,UAL 2A70,03/07/2026 00:00:00,01/07/2026 00:58:00,61682.0,62080.0,398.0,2.95077105575326,13488,UAL2A70,134.88,62080,398,2.95,0.0,0.0
0002241,UAL 2A70,04/07/2026 00:00:00,01/07/2026 01:07:00,62080.0,62478.0,398.0,2.90956941296878,13679,UAL2A70,136.79,62478,398,2.91,0.0,0.0
0002241,UAL 2A70,04/07/2026 00:00:00,01/07/2026 01:07:00,62080.0,62478.0,398.0,2.90956941296878,13679,UAL2A70,136.79,62478,398,2.91,0.0,0.0
0002242,UAM 0C99,28/06/2026 00:00:00,01/06/2026 00:37:00,40362.0,40691.0,329.0,2.48002412181517,13266,UAM0C99,132.66,40691,329,2.48,0.0,0.0
0002242,UAM 0C99,30/06/2026 00:00:00,01/06/2026 01:04:00,40691.0,40921.0,230.0,2.54791182009527,9027,UAM0C99,90.27,40921,230,2.55,0.0,0.0
0002242,UAM 0C99,01/07/2026 00:00:00,01/07/2026 04:13:00,40921.0,41185.0,264.0,2.25121514453825,11727,UAM0C99,117.27,41185,264,2.25,0.0,0.0
0002242,UAM 0C99,02/07/2026 00:00:00,01/07/2026 03:06:00,41185.0,41450.0,265.0,2.41150241150241,10989,UAM0C99,109.89,41450,265,2.41,0.0,0.0
0002242,UAM 0C99,02/07/2026 00:00:00,01/07/2026 03:06:00,41185.0,41450.0,265.0,2.41150241150241,10989,UAM0C99,109.89,41450,265,2.41,0.0,0.0
0002242,UAM 0C99,03/07/2026 00:00:00,01/07/2026 05:00:00,41450.0,41717.0,267.0,2.36954206602769,11268,UAM0C99,112.68,41717,267,2.37,0.0,0.0
0002242,UAM 0C99,03/07/2026 00:00:00,01/07/2026 05:00:00,41450.0,41717.0,267.0,2.36954206602769,11268,UAM0C99,112.68,41717,267,2.37,0.0,0.0
0002242,UAM 0C99,04/07/2026 00:00:00,01/07/2026 00:37:00,41717.0,41981.0,264.0,2.38439306358381,11072,UAM0C99,110.72,41981,264,2.38,0.0,0.0
0002242,UAM 0C99,04/07/2026 00:00:00,01/07/2026 00:37:00,41717.0,41981.0,264.0,2.38439306358381,11072,UAM0C99,110.72,41981,264,2.38,0.0,0.0
0002243,UAL 2G90,28/06/2026 00:00:00,01/06/2026 00:26:00,37716.0,38087.0,371.0,2.83249351045961,13098,UAL2G90,130.98,38087,371,2.83,0.0,0.0
0002243,UAL 2G90,01/07/2026 00:00:00,01/07/2026 21:51:00,38553.0,38725.0,172.0,2.09628275441804,8205,UAL2G90,82.05,38725,172,2.1,0.0,0.0
0002243,UAL 2G90,01/07/2026 00:00:00,01/07/2026 00:06:00,38290.0,38553.0,263.0,2.22297354407911,11831,UAL2G90,118.31,38553,263,2.22,0.0,0.0
0002243,UAL 2G90,03/07/2026 00:00:00,01/07/2026 01:21:00,38725.0,38988.0,263.0,2.29734451432565,11448,UAL2G90,114.48,38988,263,2.3,0.0,0.0
0002243,UAL 2G90,03/07/2026 00:00:00,01/07/2026 01:21:00,38725.0,38988.0,263.0,2.29734451432565,11448,UAL2G90,114.48,38988,263,2.3,0.0,0.0
0002243,UAL 2G90,04/07/2026 00:00:00,01/07/2026 03:08:00,38988.0,39251.0,263.0,2.36213400395186,11134,UAL2G90,111.34,39251,263,2.36,0.0,0.0
0002243,UAL 2G90,04/07/2026 00:00:00,01/07/2026 03:08:00,38988.0,39251.0,263.0,2.36213400395186,11134,UAL2G90,111.34,39251,263,2.36,0.0,0.0
0002244,UAM 4I49,28/06/2026 00:00:00,01/06/2026 02:47:00,47438.0,47603.0,165.0,2.58580159849553,6381,UAM4I49,63.81,47603,165,2.59,0.0,0.0
0002244,UAM 4I49,29/06/2026 00:00:00,01/06/2026 01:55:00,47603.0,48002.0,399.0,2.86103542234332,13946,UAM4I49,139.46,48002,399,2.86,0.0,0.0
0002244,UAM 4I49,30/06/2026 00:00:00,01/06/2026 01:36:00,48002.0,48322.0,320.0,2.60947565848487,12263,UAM4I49,122.63,48322,320,2.61,0.0,0.0
0002244,UAM 4I49,01/07/2026 00:00:00,01/07/2026 03:31:00,48322.0,48654.0,332.0,2.54659814374473,13037,UAM4I49,130.37,48654,332,2.55,0.0,0.0
0002244,UAM 4I49,02/07/2026 00:00:00,01/07/2026 03:50:00,48654.0,48986.0,332.0,2.51534207136904,13199,UAM4I49,131.99,48986,332,2.52,0.0,0.0
0002244,UAM 4I49,02/07/2026 00:00:00,01/07/2026 03:50:00,48654.0,48986.0,332.0,2.51534207136904,13199,UAM4I49,131.99,48986,332,2.52,0.0,0.0
0002244,UAM 4I49,03/07/2026 00:00:00,01/07/2026 23:59:00,49319.0,49636.0,317.0,2.56971465629053,12336,UAM4I49,123.36,49636,317,2.57,0.0,0.0
0002244,UAM 4I49,03/07/2026 00:00:00,01/07/2026 23:59:00,49319.0,49636.0,317.0,2.56971465629053,12336,UAM4I49,123.36,49636,317,2.57,0.0,0.0
0002244,UAM 4I49,03/07/2026 00:00:00,01/07/2026 02:08:00,48986.0,49319.0,333.0,2.58259655653792,12894,UAM4I49,128.94,49319,333,2.58,0.0,0.0
0002244,UAM 4I49,03/07/2026 00:00:00,01/07/2026 02:08:00,48986.0,49319.0,333.0,2.58259655653792,12894,UAM4I49,128.94,49319,333,2.58,0.0,0.0
0002246,UAM 0E29,30/06/2026 00:00:00,01/06/2026 03:28:00,55694.0,56005.0,311.0,3.1586431037985,9846,UAM0E29,98.46,56005,311,3.16,0.0,0.0
0002246,UAM 0E29,01/07/2026 00:00:00,01/07/2026 03:53:00,56005.0,56405.0,400.0,2.95268325090426,13547,UAM0E29,135.47,56405,400,2.95,0.0,0.0
0002246,UAM 0E29,02/07/2026 00:00:00,01/07/2026 02:32:00,56405.0,56759.0,354.0,2.95049174862477,11998,UAM0E29,119.98,56759,354,2.95,0.0,0.0
0002246,UAM 0E29,02/07/2026 00:00:00,01/07/2026 02:32:00,56405.0,56759.0,354.0,2.95049174862477,11998,UAM0E29,119.98,56759,354,2.95,0.0,0.0
0002247,UAM 0E59,29/06/2026 00:00:00,01/06/2026 00:54:00,36917.0,37313.0,396.0,2.86292654713707,13832,UAM0E59,138.32,37313,396,2.86,0.0,0.0
0002247,UAM 0E59,30/06/2026 00:00:00,01/07/2026 23:30:00,37592.0,37858.0,266.0,2.50211645188599,10631,UAM0E59,106.31,37858,266,2.5,0.0,0.0
0002247,UAM 0E59,30/06/2026 00:00:00,01/06/2026 04:35:00,37313.0,37592.0,279.0,2.77253304183643,10063,UAM0E59,100.63,37592,279,2.77,0.0,0.0
0002247,UAM 0E59,02/07/2026 00:00:00,01/07/2026 00:49:00,37858.0,38174.0,316.0,2.59612224778179,12172,UAM0E59,121.72,38174,316,2.6,0.0,0.0
0002247,UAM 0E59,02/07/2026 00:00:00,01/07/2026 00:49:00,37858.0,38174.0,316.0,2.59612224778179,12172,UAM0E59,121.72,38174,316,2.6,0.0,0.0
0002247,UAM 0E59,03/07/2026 00:00:00,01/07/2026 04:02:00,38174.0,38494.0,320.0,2.62316583326502,12199,UAM0E59,121.99,38494,320,2.62,0.0,0.0
0002247,UAM 0E59,03/07/2026 00:00:00,01/07/2026 04:02:00,38174.0,38494.0,320.0,2.62316583326502,12199,UAM0E59,121.99,38494,320,2.62,0.0,0.0
0002247,UAM 0E59,04/07/2026 00:00:00,01/07/2026 00:24:00,38494.0,38784.0,290.0,2.65762463343109,10912,UAM0E59,109.12,38784,290,2.66,0.0,0.0
0002247,UAM 0E59,04/07/2026 00:00:00,01/07/2026 00:24:00,38494.0,38784.0,290.0,2.65762463343109,10912,UAM0E59,109.12,38784,290,2.66,0.0,0.0
0002248,UAM 0D59,29/06/2026 00:00:00,01/06/2026 00:42:00,54894.0,55378.0,484.0,3.36274577919822,14393,UAM0D59,143.93,55378,484,3.36,0.0,0.0
0002248,UAM 0D59,29/06/2026 00:00:00,01/06/2026 23:52:00,55378.0,55686.0,308.0,3.0889579781366,9971,UAM0D59,99.71,55686,308,3.09,0.0,0.0
0002248,UAM 0D59,30/06/2026 00:00:00,01/07/2026 23:56:00,55686.0,56043.0,357.0,2.93199737187911,12176,UAM0D59,121.76,56043,357,2.93,0.0,0.0
0002248,UAM 0D59,02/07/2026 00:00:00,01/07/2026 04:18:00,56043.0,56443.0,400.0,3.02892624564592,13206,UAM0D59,132.06,56443,400,3.03,0.0,0.0
0002248,UAM 0D59,02/07/2026 00:00:00,01/07/2026 04:18:00,56043.0,56443.0,400.0,3.02892624564592,13206,UAM0D59,132.06,56443,400,3.03,0.0,0.0
0002248,UAM 0D59,03/07/2026 00:00:00,01/07/2026 01:24:00,56443.0,56841.0,398.0,3.12205836209601,12748,UAM0D59,127.48,56841,398,3.12,0.0,0.0
0002248,UAM 0D59,03/07/2026 00:00:00,01/07/2026 01:24:00,56443.0,56841.0,398.0,3.12205836209601,12748,UAM0D59,127.48,56841,398,3.12,0.0,0.0
0002248,UAM 0D59,04/07/2026 00:00:00,01/07/2026 02:56:00,56841.0,57240.0,399.0,2.91283399036356,13698,UAM0D59,136.98,57240,399,2.91,0.0,0.0
0002248,UAM 0D59,04/07/2026 00:00:00,01/07/2026 02:56:00,56841.0,57240.0,399.0,2.91283399036356,13698,UAM0D59,136.98,57240,399,2.91,0.0,0.0
0002249,UAM 0E19,29/06/2026 00:00:00,01/06/2026 22:54:00,,,,,8789,UAM0E19,87.89,35466,224,2.55,,
0002249,UAM 0E19,01/07/2026 00:00:00,01/07/2026 00:12:00,35466.0,35697.0,231.0,2.49164059971956,9271,UAM0E19,92.71,35697,231,2.49,0.0,0.0
0002249,UAM 0E19,02/07/2026 00:00:00,01/07/2026 00:01:00,35697.0,35928.0,231.0,2.42698045807943,9518,UAM0E19,95.18,35928,231,2.43,0.0,0.0
0002249,UAM 0E19,03/07/2026 00:00:00,01/07/2026 05:03:00,35928.0,36159.0,231.0,2.46058798466127,9388,UAM0E19,93.88,36159,231,2.46,0.0,0.0
0002249,UAM 0E19,03/07/2026 00:00:00,01/07/2026 05:03:00,35928.0,36159.0,231.0,2.46058798466127,9388,UAM0E19,93.88,36159,231,2.46,0.0,0.0
0002249,UAM 0E19,04/07/2026 00:00:00,01/07/2026 02:46:00,36159.0,36425.0,266.0,2.49413970932958,10665,UAM0E19,106.65,36425,266,2.49,0.0,0.0
0002249,UAM 0E19,04/07/2026 00:00:00,01/07/2026 02:46:00,36159.0,36425.0,266.0,2.49413970932958,10665,UAM0E19,106.65,36425,266,2.49,0.0,0.0
0002250,UAM 0D89,29/06/2026 00:00:00,01/06/2026 21:16:00,51867.0,52364.0,497.0,3.24476072337925,15317,UAM0D89,153.17,52364,497,3.24,0.0,0.0
0002250,UAM 0D89,01/07/2026 00:00:00,01/07/2026 03:45:00,52364.0,52709.0,345.0,2.62257696693273,13155,UAM0D89,131.55,52709,345,2.62,0.0,0.0
0002250,UAM 0D89,03/07/2026 00:00:00,01/07/2026 03:08:00,53048.0,53388.0,340.0,2.76063657031504,12316,UAM0D89,123.16,53388,340,2.76,0.0,0.0
0002250,UAM 0D89,03/07/2026 00:00:00,01/07/2026 03:08:00,53048.0,53388.0,340.0,2.76063657031504,12316,UAM0D89,123.16,53388,340,2.76,0.0,0.0
0002251,UAM 4F59,29/06/2026 00:00:00,01/06/2026 01:41:00,35156.0,35519.0,363.0,3.04198441297243,11933,UAM4F59,119.33,35519,363,3.04,0.0,0.0
0002251,UAM 4F59,30/06/2026 00:00:00,01/06/2026 03:58:00,35519.0,35869.0,350.0,2.90480537803967,12049,UAM4F59,120.49,35869,350,2.9,0.0,0.0
0002251,UAM 4F59,01/07/2026 00:00:00,01/07/2026 04:18:00,35869.0,36112.0,243.0,2.26573426573427,10725,UAM4F59,107.25,36112,243,2.27,0.0,0.0
0002251,UAM 4F59,02/07/2026 00:00:00,01/07/2026 23:39:00,36503.0,36740.0,237.0,2.27621974644641,10412,UAM4F59,104.12,36740,237,2.28,0.0,0.0
0002251,UAM 4F59,02/07/2026 00:00:00,01/07/2026 23:39:00,36503.0,36740.0,237.0,2.27621974644641,10412,UAM4F59,104.12,36740,237,2.28,0.0,0.0
0002251,UAM 4F59,02/07/2026 00:00:00,01/07/2026 03:00:00,36112.0,36503.0,391.0,2.84260268993093,13755,UAM4F59,137.55,36503,391,2.84,0.0,0.0
0002251,UAM 4F59,02/07/2026 00:00:00,01/07/2026 03:00:00,36112.0,36503.0,391.0,2.84260268993093,13755,UAM4F59,137.55,36503,391,2.84,0.0,0.0
0002251,UAM 4F59,03/07/2026 00:00:00,01/07/2026 23:02:00,36740.0,36976.0,236.0,2.26770442971077,10407,UAM4F59,104.07,36976,236,2.27,0.0,0.0
0002251,UAM 4F59,03/07/2026 00:00:00,01/07/2026 23:02:00,36740.0,36976.0,236.0,2.26770442971077,10407,UAM4F59,104.07,36976,236,2.27,0.0,0.0
0002252,UAM 0D79,28/06/2026 00:00:00,01/06/2026 21:16:00,55546.0,55916.0,370.0,3.88614641319189,9521,UAM0D79,95.21,55916,370,3.89,0.0,0.0
0002252,UAM 0D79,30/06/2026 00:00:00,01/06/2026 03:48:00,55916.0,56260.0,344.0,2.84250537101306,12102,UAM0D79,121.02,56260,344,2.84,0.0,0.0
0002252,UAM 0D79,30/06/2026 00:00:00,01/07/2026 21:42:00,56260.0,56632.0,372.0,3.19066815335792,11659,UAM0D79,116.59,56632,372,3.19,0.0,0.0
0002252,UAM 0D79,02/07/2026 00:00:00,01/07/2026 01:22:00,56632.0,56927.0,295.0,2.36643670784534,12466,UAM0D79,124.66,56927,295,2.37,0.0,0.0
0002252,UAM 0D79,02/07/2026 00:00:00,01/07/2026 01:22:00,56632.0,56927.0,295.0,2.36643670784534,12466,UAM0D79,124.66,56927,295,2.37,0.0,0.0
0002252,UAM 0D79,03/07/2026 00:00:00,01/07/2026 21:18:00,57177.0,57549.0,372.0,3.28215987294865,11334,UAM0D79,113.34,57549,372,3.28,0.0,0.0
0002252,UAM 0D79,03/07/2026 00:00:00,01/07/2026 21:18:00,57177.0,57549.0,372.0,3.28215987294865,11334,UAM0D79,113.34,57549,372,3.28,0.0,0.0
0002252,UAM 0D79,03/07/2026 00:00:00,01/07/2026 03:27:00,56927.0,57177.0,250.0,2.29758294274423,10881,UAM0D79,108.81,57177,250,2.3,0.0,0.0
0002252,UAM 0D79,03/07/2026 00:00:00,01/07/2026 03:27:00,56927.0,57177.0,250.0,2.29758294274423,10881,UAM0D79,108.81,57177,250,2.3,0.0,0.0
0002253,UAM 0A59,29/06/2026 00:00:00,01/06/2026 23:13:00,35227.0,35416.0,189.0,2.50132345156167,7556,UAM0A59,75.56,35416,189,2.5,0.0,0.0
0002253,UAM 0A59,29/06/2026 00:00:00,01/06/2026 02:00:00,34861.0,35227.0,366.0,2.84891414337978,12847,UAM0A59,128.47,35227,366,2.85,0.0,0.0
0002253,UAM 0A59,30/06/2026 00:00:00,01/07/2026 23:19:00,35416.0,35646.0,230.0,2.16246709289206,10636,UAM0A59,106.36,35646,230,2.16,0.0,0.0
0002253,UAM 0A59,02/07/2026 00:00:00,01/07/2026 00:11:00,35646.0,35877.0,231.0,2.2534386889084,10251,UAM0A59,102.51,35877,231,2.25,0.0,0.0
0002253,UAM 0A59,02/07/2026 00:00:00,01/07/2026 00:11:00,35646.0,35877.0,231.0,2.2534386889084,10251,UAM0A59,102.51,35877,231,2.25,0.0,0.0
0002253,UAM 0A59,03/07/2026 00:00:00,01/07/2026 05:09:00,35877.0,36107.0,230.0,2.13834139085162,10756,UAM0A59,107.56,36107,230,2.14,0.0,0.0
0002253,UAM 0A59,03/07/2026 00:00:00,01/07/2026 05:09:00,35877.0,36107.0,230.0,2.13834139085162,10756,UAM0A59,107.56,36107,230,2.14,0.0,0.0
0002255,UAM 0G99,28/06/2026 00:00:00,01/06/2026 23:23:00,50179.0,50626.0,447.0,3.42030759813299,13069,UAM0G99,130.69,50626,447,3.42,0.0,0.0
0002255,UAM 0G99,28/06/2026 00:00:00,01/06/2026 00:44:00,49740.0,50179.0,439.0,3.46405744496173,12673,UAM0G99,126.73,50179,439,3.46,0.0,0.0
0002255,UAM 0G99,30/06/2026 00:00:00,01/06/2026 02:50:00,50626.0,50938.0,312.0,2.75472364471128,11326,UAM0G99,113.26,50938,312,2.75,0.0,0.0
0002255,UAM 0G99,01/07/2026 00:00:00,01/07/2026 02:37:00,50938.0,51281.0,343.0,2.63258884027938,13029,UAM0G99,130.29,51281,343,2.63,0.0,0.0
0002255,UAM 0G99,02/07/2026 00:00:00,01/07/2026 02:40:00,51281.0,51626.0,345.0,2.66059998457623,12967,UAM0G99,129.67,51626,345,2.66,0.0,0.0
0002255,UAM 0G99,02/07/2026 00:00:00,01/07/2026 02:40:00,51281.0,51626.0,345.0,2.66059998457623,12967,UAM0G99,129.67,51626,345,2.66,0.0,0.0
0002255,UAM 0G99,03/07/2026 00:00:00,01/07/2026 02:59:00,51626.0,51967.0,341.0,2.6432059530269,12901,UAM0G99,129.01,51967,341,2.64,0.0,0.0
0002255,UAM 0G99,03/07/2026 00:00:00,01/07/2026 02:59:00,51626.0,51967.0,341.0,2.6432059530269,12901,UAM0G99,129.01,51967,341,2.64,0.0,0.0
0002255,UAM 0G99,04/07/2026 00:00:00,01/07/2026 03:47:00,51967.0,52317.0,350.0,2.67891312667432,13065,UAM0G99,130.65,52317,350,2.68,0.0,0.0
0002255,UAM 0G99,04/07/2026 00:00:00,01/07/2026 03:47:00,51967.0,52317.0,350.0,2.67891312667432,13065,UAM0G99,130.65,52317,350,2.68,0.0,0.0
0002256,UAM 0H89,29/06/2026 00:00:00,01/06/2026 02:07:00,56131.0,56518.0,387.0,2.79806232376545,13831,UAM0H89,138.31,56518,387,2.8,0.0,0.0
0002256,UAM 0H89,30/06/2026 00:00:00,01/06/2026 01:00:00,56518.0,56807.0,289.0,2.53419852683269,11404,UAM0H89,114.04,56807,289,2.53,0.0,0.0
0002256,UAM 0H89,01/07/2026 00:00:00,01/07/2026 04:55:00,56807.0,57057.0,250.0,2.26121562952243,11056,UAM0H89,110.56,57057,250,2.26,0.0,0.0
0002256,UAM 0H89,02/07/2026 00:00:00,01/07/2026 03:24:00,57057.0,57390.0,333.0,2.53656307129799,13128,UAM0H89,131.28,57390,333,2.54,0.0,0.0
0002256,UAM 0H89,02/07/2026 00:00:00,01/07/2026 03:24:00,57057.0,57390.0,333.0,2.53656307129799,13128,UAM0H89,131.28,57390,333,2.54,0.0,0.0
0002256,UAM 0H89,02/07/2026 00:00:00,01/07/2026 23:09:00,57390.0,57753.0,363.0,3.44631159213899,10533,UAM0H89,105.33,57753,363,3.45,0.0,0.0
0002256,UAM 0H89,02/07/2026 00:00:00,01/07/2026 23:09:00,57390.0,57753.0,363.0,3.44631159213899,10533,UAM0H89,105.33,57753,363,3.45,0.0,0.0
0002256,UAM 0H89,04/07/2026 00:00:00,01/07/2026 03:33:00,57753.0,58086.0,333.0,2.33111655582779,14285,UAM0H89,142.85,58086,333,2.33,0.0,0.0
0002256,UAM 0H89,04/07/2026 00:00:00,01/07/2026 03:33:00,57753.0,58086.0,333.0,2.33111655582779,14285,UAM0H89,142.85,58086,333,2.33,0.0,0.0
0002257,UAM 0G69,30/06/2026 00:00:00,01/06/2026 04:07:00,39038.0,39269.0,231.0,2.44755244755245,9438,UAM0G69,94.38,39269,231,2.45,0.0,0.0
0002257,UAM 0G69,01/07/2026 00:00:00,01/07/2026 04:27:00,39269.0,39533.0,264.0,2.24413464807888,11764,UAM0G69,117.64,39533,264,2.24,0.0,0.0
0002257,UAM 0G69,02/07/2026 00:00:00,01/07/2026 00:37:00,39533.0,39800.0,267.0,2.48325892857143,10752,UAM0G69,107.52,39800,267,2.48,0.0,0.0
0002257,UAM 0G69,02/07/2026 00:00:00,01/07/2026 00:37:00,39533.0,39800.0,267.0,2.48325892857143,10752,UAM0G69,107.52,39800,267,2.48,0.0,0.0
0002257,UAM 0G69,03/07/2026 00:00:00,01/07/2026 04:57:00,39800.0,40064.0,264.0,2.42002016683472,10909,UAM0G69,109.09,40064,264,2.42,0.0,0.0
0002257,UAM 0G69,03/07/2026 00:00:00,01/07/2026 04:57:00,39800.0,40064.0,264.0,2.42002016683472,10909,UAM0G69,109.09,40064,264,2.42,0.0,0.0
0002257,UAM 0G69,03/07/2026 00:00:00,01/07/2026 23:52:00,40064.0,40256.0,192.0,2.54743266551678,7537,UAM0G69,75.37,40256,192,2.55,0.0,0.0
0002257,UAM 0G69,03/07/2026 00:00:00,01/07/2026 23:52:00,40064.0,40256.0,192.0,2.54743266551678,7537,UAM0G69,75.37,40256,192,2.55,0.0,0.0
0002258,UAM 4G59,28/06/2026 00:00:00,01/06/2026 00:05:00,36924.0,37241.0,317.0,2.34710499037465,13506,UAM4G59,135.06,37241,317,2.35,0.0,0.0
0002258,UAM 4G59,30/06/2026 00:00:00,01/06/2026 01:51:00,37241.0,37468.0,227.0,2.70495710200191,8392,UAM4G59,83.92,37468,227,2.7,0.0,0.0
0002258,UAM 4G59,01/07/2026 00:00:00,01/07/2026 22:01:00,37727.0,37864.0,137.0,1.98579504275982,6899,UAM4G59,68.99,37864,137,1.99,0.0,0.0
0002258,UAM 4G59,01/07/2026 00:00:00,01/07/2026 05:29:00,37468.0,37727.0,259.0,2.37331622835151,10913,UAM4G59,109.13,37727,259,2.37,0.0,0.0
0002258,UAM 4G59,03/07/2026 00:00:00,01/07/2026 01:18:00,37864.0,38120.0,256.0,2.30464530068419,11108,UAM4G59,111.08,38120,256,2.3,0.0,0.0
0002258,UAM 4G59,03/07/2026 00:00:00,01/07/2026 01:18:00,37864.0,38120.0,256.0,2.30464530068419,11108,UAM4G59,111.08,38120,256,2.3,0.0,0.0
0002258,UAM 4G59,04/07/2026 00:00:00,01/07/2026 01:10:00,38120.0,38378.0,258.0,2.33146575094885,11066,UAM4G59,110.66,38378,258,2.33,0.0,0.0
0002258,UAM 4G59,04/07/2026 00:00:00,01/07/2026 01:10:00,38120.0,38378.0,258.0,2.33146575094885,11066,UAM4G59,110.66,38378,258,2.33,0.0,0.0
0002259,UAM 4F49,28/06/2026 00:00:00,01/06/2026 00:19:00,41482.0,41827.0,345.0,2.98649584487535,11552,UAM4F49,115.52,41827,345,2.99,0.0,0.0
0002259,UAM 4F49,30/06/2026 00:00:00,01/06/2026 02:25:00,41827.0,42092.0,265.0,2.65504458471095,9981,UAM4F49,99.81,42092,265,2.66,0.0,0.0
0002259,UAM 4F49,01/07/2026 00:00:00,01/07/2026 23:04:00,42490.0,42880.0,390.0,3.62016151489836,10773,UAM4F49,107.73,42880,390,3.62,0.0,0.0
0002259,UAM 4F49,01/07/2026 00:00:00,01/07/2026 05:03:00,42092.0,42490.0,398.0,2.69574641018694,14764,UAM4F49,147.64,42490,398,2.7,0.0,0.0
0002259,UAM 4F49,02/07/2026 00:00:00,01/07/2026 23:12:00,42880.0,43270.0,390.0,3.5691406607486,10927,UAM4F49,109.27,43270,390,3.57,0.0,0.0
0002259,UAM 4F49,02/07/2026 00:00:00,01/07/2026 23:12:00,42880.0,43270.0,390.0,3.5691406607486,10927,UAM4F49,109.27,43270,390,3.57,0.0,0.0
0002259,UAM 4F49,03/07/2026 00:00:00,01/07/2026 22:34:00,,,,,10577,UAM4F49,105.77,43663,393,3.72,,
0002259,UAM 4F49,03/07/2026 00:00:00,01/07/2026 22:34:00,,,,,10577,UAM4F49,105.77,43663,393,3.72,,
0002260,UAM 4E59,28/06/2026 00:00:00,01/06/2026 00:29:00,56803.0,57243.0,440.0,3.89139471124082,11307,UAM4E59,113.07,57243,440,3.89,0.0,0.0
0002260,UAM 4E59,30/06/2026 00:00:00,01/06/2026 04:26:00,57643.0,58082.0,439.0,3.75149547085968,11702,UAM4E59,117.02,58082,439,3.75,0.0,0.0
0002260,UAM 4E59,02/07/2026 00:00:00,01/07/2026 00:34:00,58466.0,58912.0,446.0,3.42077005675717,13038,UAM4E59,130.38,58912,446,3.42,0.0,0.0
0002260,UAM 4E59,02/07/2026 00:00:00,01/07/2026 00:34:00,58466.0,58912.0,446.0,3.42077005675717,13038,UAM4E59,130.38,58912,446,3.42,0.0,0.0
0002260,UAM 4E59,03/07/2026 00:00:00,01/07/2026 00:31:00,58912.0,59358.0,446.0,3.41161171880976,13073,UAM4E59,130.73,59358,446,3.41,0.0,0.0
0002260,UAM 4E59,03/07/2026 00:00:00,01/07/2026 00:31:00,58912.0,59358.0,446.0,3.41161171880976,13073,UAM4E59,130.73,59358,446,3.41,0.0,0.0
0002260,UAM 4E59,04/07/2026 00:00:00,01/07/2026 00:27:00,59358.0,59806.0,448.0,3.57085923800414,12546,UAM4E59,125.46,59806,448,3.57,0.0,0.0
0002260,UAM 4E59,04/07/2026 00:00:00,01/07/2026 00:27:00,59358.0,59806.0,448.0,3.57085923800414,12546,UAM4E59,125.46,59806,448,3.57,0.0,0.0
0002261,UAM 4I39,28/06/2026 00:00:00,01/06/2026 01:50:00,34596.0,34941.0,345.0,2.75031887755102,12544,UAM4I39,125.44,34941,345,2.75,0.0,0.0
0002261,UAM 4I39,29/06/2026 00:00:00,01/06/2026 23:23:00,34941.0,35184.0,243.0,2.22588623248145,10917,UAM4I39,109.17,35184,243,2.23,0.0,0.0
0002261,UAM 4I39,30/06/2026 00:00:00,01/07/2026 23:37:00,35184.0,35428.0,244.0,2.05525606469003,11872,UAM4I39,118.72,35428,244,2.06,0.0,0.0
0002261,UAM 4I39,01/07/2026 00:00:00,01/07/2026 23:24:00,35428.0,35675.0,247.0,2.15682850157178,11452,UAM4I39,114.52,35675,247,2.16,0.0,0.0
0002261,UAM 4I39,03/07/2026 00:00:00,01/07/2026 21:50:00,35920.0,36121.0,201.0,2.19264754008945,9167,UAM4I39,91.67,36121,201,2.19,0.0,0.0
0002261,UAM 4I39,03/07/2026 00:00:00,01/07/2026 21:50:00,35920.0,36121.0,201.0,2.19264754008945,9167,UAM4I39,91.67,36121,201,2.19,0.0,0.0
0002261,UAM 4I39,03/07/2026 00:00:00,01/07/2026 00:20:00,35675.0,35920.0,245.0,2.05141086829105,11943,UAM4I39,119.43,35920,245,2.05,0.0,0.0
0002261,UAM 4I39,03/07/2026 00:00:00,01/07/2026 00:20:00,35675.0,35920.0,245.0,2.05141086829105,11943,UAM4I39,119.43,35920,245,2.05,0.0,0.0
0002262,UAM 4E19,30/06/2026 00:00:00,01/07/2026 23:44:00,37166.0,37423.0,257.0,2.3610473128158,10885,UAM4E19,108.85,37423,257,2.36,0.0,0.0
0002262,UAM 4E19,01/07/2026 00:00:00,01/07/2026 23:40:00,37423.0,37679.0,256.0,2.24050411342552,11426,UAM4E19,114.26,37679,256,2.24,0.0,0.0
0002262,UAM 4E19,03/07/2026 00:00:00,01/07/2026 00:52:00,37679.0,37971.0,292.0,2.39226609864001,12206,UAM4E19,122.06,37971,292,2.39,0.0,0.0
0002262,UAM 4E19,03/07/2026 00:00:00,01/07/2026 00:52:00,37679.0,37971.0,292.0,2.39226609864001,12206,UAM4E19,122.06,37971,292,2.39,0.0,0.0
0002262,UAM 4E19,03/07/2026 00:00:00,01/07/2026 22:54:00,,,,,11194,UAM4E19,111.94,38227,256,2.29,,
0002262,UAM 4E19,03/07/2026 00:00:00,01/07/2026 22:54:00,,,,,11194,UAM4E19,111.94,38227,256,2.29,,
0002264,UAM 4C89,30/06/2026 00:00:00,01/06/2026 02:53:00,39869.0,40134.0,265.0,2.50970735865139,10559,UAM4C89,105.59,40134,265,2.51,0.0,0.0
0002264,UAM 4C89,01/07/2026 00:00:00,01/07/2026 03:16:00,40134.0,40331.0,197.0,1.51701832742954,12986,UAM4C89,129.86,40331,197,1.52,0.0,0.0
0002264,UAM 4C89,02/07/2026 00:00:00,01/07/2026 04:46:00,40331.0,40613.0,282.0,4.26884650317893,6606,UAM4C89,66.06,40613,282,4.27,0.0,0.0
0002264,UAM 4C89,02/07/2026 00:00:00,01/07/2026 04:46:00,40331.0,40613.0,282.0,4.26884650317893,6606,UAM4C89,66.06,40613,282,4.27,0.0,0.0
0002264,UAM 4C89,03/07/2026 00:00:00,01/07/2026 04:06:00,40613.0,40877.0,264.0,2.20018334861238,11999,UAM4C89,119.99,40877,264,2.2,0.0,0.0
0002264,UAM 4C89,03/07/2026 00:00:00,01/07/2026 04:06:00,40613.0,40877.0,264.0,2.20018334861238,11999,UAM4C89,119.99,40877,264,2.2,0.0,0.0
0002264,UAM 4C89,04/07/2026 00:00:00,01/07/2026 03:16:00,40877.0,41141.0,264.0,2.25698897153116,11697,UAM4C89,116.97,41141,264,2.26,0.0,0.0
0002264,UAM 4C89,04/07/2026 00:00:00,01/07/2026 03:16:00,40877.0,41141.0,264.0,2.25698897153116,11697,UAM4C89,116.97,41141,264,2.26,0.0,0.0
0002265,UAM 4F09,28/06/2026 00:00:00,01/06/2026 02:30:00,37004.0,37338.0,334.0,2.6014487109588,12839,UAM4F09,128.39,37338,334,2.6,0.0,0.0
0002265,UAM 4F09,30/06/2026 00:00:00,01/06/2026 01:48:00,37753.0,38017.0,264.0,2.61541509807807,10094,UAM4F09,100.94,38017,264,2.62,0.0,0.0
0002265,UAM 4F09,01/07/2026 00:00:00,01/07/2026 01:47:00,38017.0,38315.0,298.0,2.41902751846741,12319,UAM4F09,123.19,38315,298,2.42,0.0,0.0
0002265,UAM 4F09,01/07/2026 00:00:00,01/07/2026 21:27:00,38315.0,38677.0,362.0,3.28047122791119,11035,UAM4F09,110.35,38677,362,3.28,0.0,0.0
0002265,UAM 4F09,03/07/2026 00:00:00,01/07/2026 04:23:00,38677.0,38965.0,288.0,2.25652276110632,12763,UAM4F09,127.63,38965,288,2.26,0.0,0.0
0002265,UAM 4F09,03/07/2026 00:00:00,01/07/2026 04:23:00,38677.0,38965.0,288.0,2.25652276110632,12763,UAM4F09,127.63,38965,288,2.26,0.0,0.0
0002266,UAM 4F79,28/06/2026 00:00:00,01/06/2026 01:57:00,50880.0,51255.0,375.0,2.68317115054379,13976,UAM4F79,139.76,51255,375,2.68,0.0,0.0
0002266,UAM 4F79,29/06/2026 00:00:00,01/06/2026 01:51:00,51255.0,51621.0,366.0,2.76080561212944,13257,UAM4F79,132.57,51621,366,2.76,0.0,0.0
0002266,UAM 4F79,30/06/2026 00:00:00,01/06/2026 01:40:00,51621.0,51922.0,301.0,2.58568851473241,11641,UAM4F79,116.41,51922,301,2.59,0.0,0.0
0002266,UAM 4F79,01/07/2026 00:00:00,01/07/2026 02:54:00,51922.0,52259.0,337.0,2.50688090455999,13443,UAM4F79,134.43,52259,337,2.51,0.0,0.0
0002266,UAM 4F79,01/07/2026 00:00:00,01/07/2026 22:09:00,52259.0,52626.0,367.0,3.31317143630947,11077,UAM4F79,110.77,52626,367,3.31,0.0,0.0
0002266,UAM 4F79,03/07/2026 00:00:00,01/07/2026 04:09:00,52626.0,52965.0,339.0,2.51371792970488,13486,UAM4F79,134.86,52965,339,2.51,0.0,0.0
0002266,UAM 4F79,03/07/2026 00:00:00,01/07/2026 04:09:00,52626.0,52965.0,339.0,2.51371792970488,13486,UAM4F79,134.86,52965,339,2.51,0.0,0.0
0002266,UAM 4F79,04/07/2026 00:00:00,01/07/2026 01:13:00,52965.0,53301.0,336.0,2.52044107718851,13331,UAM4F79,133.31,53301,336,2.52,0.0,0.0
0002266,UAM 4F79,04/07/2026 00:00:00,01/07/2026 01:13:00,52965.0,53301.0,336.0,2.52044107718851,13331,UAM4F79,133.31,53301,336,2.52,0.0,0.0
0002267,UAM 4G09,28/06/2026 00:00:00,01/06/2026 01:46:00,36848.0,37218.0,370.0,2.92466998656233,12651,UAM4G09,126.51,37218,370,2.92,0.0,0.0
0002267,UAM 4G09,30/06/2026 00:00:00,01/06/2026 04:10:00,37218.0,37447.0,229.0,2.60968660968661,8775,UAM4G09,87.75,37447,229,2.61,0.0,0.0
0002267,UAM 4G09,01/07/2026 00:00:00,01/07/2026 04:38:00,37447.0,37709.0,262.0,2.48388320060675,10548,UAM4G09,105.48,37709,262,2.48,0.0,0.0
0002267,UAM 4G09,02/07/2026 00:00:00,01/07/2026 03:20:00,37709.0,38007.0,298.0,2.5725138121547,11584,UAM4G09,115.84,38007,298,2.57,0.0,0.0
0002267,UAM 4G09,02/07/2026 00:00:00,01/07/2026 03:20:00,37709.0,38007.0,298.0,2.5725138121547,11584,UAM4G09,115.84,38007,298,2.57,0.0,0.0
0002267,UAM 4G09,03/07/2026 00:00:00,01/07/2026 02:17:00,38007.0,38303.0,296.0,2.48509780874822,11911,UAM4G09,119.11,38303,296,2.49,0.0,0.0
0002267,UAM 4G09,03/07/2026 00:00:00,01/07/2026 02:17:00,38007.0,38303.0,296.0,2.48509780874822,11911,UAM4G09,119.11,38303,296,2.49,0.0,0.0
0002267,UAM 4G09,04/07/2026 00:00:00,01/07/2026 02:25:00,38303.0,38599.0,296.0,2.62597586941093,11272,UAM4G09,112.72,38599,296,2.63,0.0,0.0
0002267,UAM 4G09,04/07/2026 00:00:00,01/07/2026 02:25:00,38303.0,38599.0,296.0,2.62597586941093,11272,UAM4G09,112.72,38599,296,2.63,0.0,0.0
0002268,UAM 4I29,28/06/2026 00:00:00,01/06/2026 01:07:00,43310.0,43617.0,307.0,2.78180500181225,11036,UAM4I29,110.36,43617,307,2.78,0.0,0.0
0002268,UAM 4I29,29/06/2026 00:00:00,01/06/2026 22:36:00,43617.0,43958.0,341.0,3.52965531518476,9661,UAM4I29,96.61,43958,341,3.53,0.0,0.0
0002268,UAM 4I29,01/07/2026 00:00:00,01/07/2026 02:26:00,43958.0,44254.0,296.0,2.41101246232793,12277,UAM4I29,122.77,44254,296,2.41,0.0,0.0
0002268,UAM 4I29,02/07/2026 00:00:00,01/07/2026 03:13:00,44254.0,44548.0,294.0,2.48164092175234,11847,UAM4I29,118.47,44548,294,2.48,0.0,0.0
0002268,UAM 4I29,02/07/2026 00:00:00,01/07/2026 03:13:00,44254.0,44548.0,294.0,2.48164092175234,11847,UAM4I29,118.47,44548,294,2.48,0.0,0.0
0002268,UAM 4I29,03/07/2026 00:00:00,01/07/2026 04:40:00,44548.0,44841.0,293.0,2.37573988486175,12333,UAM4I29,123.33,44841,293,2.38,0.0,0.0
0002268,UAM 4I29,03/07/2026 00:00:00,01/07/2026 04:40:00,44548.0,44841.0,293.0,2.37573988486175,12333,UAM4I29,123.33,44841,293,2.38,0.0,0.0
0002268,UAM 4I29,04/07/2026 00:00:00,01/07/2026 03:25:00,44841.0,45135.0,294.0,2.47100353000504,11898,UAM4I29,118.98,45135,294,2.47,0.0,0.0
0002268,UAM 4I29,04/07/2026 00:00:00,01/07/2026 03:25:00,44841.0,45135.0,294.0,2.47100353000504,11898,UAM4I29,118.98,45135,294,2.47,0.0,0.0
0002269,UAM 4D69,30/06/2026 00:00:00,01/06/2026 01:07:00,39702.0,39932.0,230.0,2.55328596802842,9008,UAM4D69,90.08,39932,230,2.55,0.0,0.0
0002269,UAM 4D69,01/07/2026 00:00:00,01/07/2026 04:48:00,39932.0,40160.0,228.0,2.23354231974922,10208,UAM4D69,102.08,40160,228,2.23,0.0,0.0
0002269,UAM 4D69,02/07/2026 00:00:00,01/07/2026 00:57:00,40160.0,40423.0,263.0,2.29875010925618,11441,UAM4D69,114.41,40423,263,2.3,0.0,0.0
0002269,UAM 4D69,02/07/2026 00:00:00,01/07/2026 00:57:00,40160.0,40423.0,263.0,2.29875010925618,11441,UAM4D69,114.41,40423,263,2.3,0.0,0.0
0002269,UAM 4D69,03/07/2026 00:00:00,01/07/2026 02:04:00,40423.0,40562.0,139.0,2.56362965695315,5422,UAM4D69,54.22,40562,139,2.56,0.0,0.0
0002269,UAM 4D69,03/07/2026 00:00:00,01/07/2026 02:04:00,40423.0,40562.0,139.0,2.56362965695315,5422,UAM4D69,54.22,40562,139,2.56,0.0,0.0
0002269,UAM 4D69,03/07/2026 00:00:00,01/07/2026 23:10:00,40562.0,40791.0,229.0,2.33601958584107,9803,UAM4D69,98.03,40791,229,2.34,0.0,0.0
0002269,UAM 4D69,03/07/2026 00:00:00,01/07/2026 23:10:00,40562.0,40791.0,229.0,2.33601958584107,9803,UAM4D69,98.03,40791,229,2.34,0.0,0.0
0002270,UAM 4D09,29/06/2026 00:00:00,01/06/2026 21:55:00,41307.0,41558.0,251.0,2.56044068142405,9803,UAM4D09,98.03,41558,251,2.56,0.0,0.0
0002270,UAM 4D09,02/07/2026 00:00:00,01/07/2026 00:30:00,41558.0,41732.0,174.0,2.47405090288639,7033,UAM4D09,70.33,41732,174,2.47,0.0,0.0
0002270,UAM 4D09,02/07/2026 00:00:00,01/07/2026 00:30:00,41558.0,41732.0,174.0,2.47405090288639,7033,UAM4D09,70.33,41732,174,2.47,0.0,0.0
0002270,UAM 4D09,03/07/2026 00:00:00,01/07/2026 01:09:00,41732.0,42025.0,293.0,2.66194240029072,11007,UAM4D09,110.07,42025,293,2.66,0.0,0.0
0002270,UAM 4D09,03/07/2026 00:00:00,01/07/2026 01:09:00,41732.0,42025.0,293.0,2.66194240029072,11007,UAM4D09,110.07,42025,293,2.66,0.0,0.0
0002270,UAM 4D09,04/07/2026 00:00:00,01/07/2026 02:42:00,42025.0,42320.0,295.0,2.63251829377119,11206,UAM4D09,112.06,42320,295,2.63,0.0,0.0
0002270,UAM 4D09,04/07/2026 00:00:00,01/07/2026 02:42:00,42025.0,42320.0,295.0,2.63251829377119,11206,UAM4D09,112.06,42320,295,2.63,0.0,0.0
0002271,UAM 5A19,28/06/2026 00:00:00,01/06/2026 02:51:00,46874.0,47207.0,333.0,3.39034819792303,9822,UAM5A19,98.22,47207,333,3.39,0.0,0.0
0002271,UAM 5A19,30/06/2026 00:00:00,01/06/2026 00:41:00,47207.0,47614.0,407.0,3.60719666755296,11283,UAM5A19,112.83,47614,407,3.61,0.0,0.0
0002271,UAM 5A19,01/07/2026 00:00:00,01/07/2026 00:37:00,47614.0,48050.0,436.0,3.580814717477,12176,UAM5A19,121.76,48050,436,3.58,0.0,0.0
0002271,UAM 5A19,02/07/2026 00:00:00,01/07/2026 04:05:00,48050.0,48509.0,459.0,3.45580484866737,13282,UAM5A19,132.82,48509,459,3.46,0.0,0.0
0002271,UAM 5A19,02/07/2026 00:00:00,01/07/2026 04:05:00,48050.0,48509.0,459.0,3.45580484866737,13282,UAM5A19,132.82,48509,459,3.46,0.0,0.0
0002271,UAM 5A19,03/07/2026 00:00:00,01/07/2026 04:27:00,48509.0,48973.0,464.0,3.48426822858001,13317,UAM5A19,133.17,48973,464,3.48,0.0,0.0
0002271,UAM 5A19,03/07/2026 00:00:00,01/07/2026 04:27:00,48509.0,48973.0,464.0,3.48426822858001,13317,UAM5A19,133.17,48973,464,3.48,0.0,0.0
0002271,UAM 5A19,04/07/2026 00:00:00,01/07/2026 01:23:00,48973.0,49436.0,463.0,3.53840275124188,13085,UAM5A19,130.85,49436,463,3.54,0.0,0.0
0002271,UAM 5A19,04/07/2026 00:00:00,01/07/2026 01:23:00,48973.0,49436.0,463.0,3.53840275124188,13085,UAM5A19,130.85,49436,463,3.54,0.0,0.0
0002273,UAM 4G29,30/06/2026 00:00:00,01/06/2026 01:14:00,47588.0,47890.0,302.0,2.82612764364589,10686,UAM4G29,106.86,47890,302,2.83,0.0,0.0
0002273,UAM 4G29,01/07/2026 00:00:00,01/07/2026 01:12:00,47890.0,48218.0,328.0,2.56610859020498,12782,UAM4G29,127.82,48218,328,2.57,0.0,0.0
0002273,UAM 4G29,02/07/2026 00:00:00,01/07/2026 04:54:00,48218.0,48582.0,364.0,2.86659316427784,12698,UAM4G29,126.98,48582,364,2.87,0.0,0.0
0002273,UAM 4G29,02/07/2026 00:00:00,01/07/2026 04:54:00,48218.0,48582.0,364.0,2.86659316427784,12698,UAM4G29,126.98,48582,364,2.87,0.0,0.0
0002273,UAM 4G29,03/07/2026 00:00:00,01/07/2026 03:48:00,48582.0,48948.0,366.0,2.71775451102695,13467,UAM4G29,134.67,48948,366,2.72,0.0,0.0
0002273,UAM 4G29,03/07/2026 00:00:00,01/07/2026 03:48:00,48582.0,48948.0,366.0,2.71775451102695,13467,UAM4G29,134.67,48948,366,2.72,0.0,0.0
0002273,UAM 4G29,04/07/2026 00:00:00,01/07/2026 02:07:00,48948.0,49319.0,371.0,2.89436729599001,12818,UAM4G29,128.18,49319,371,2.89,0.0,0.0
0002273,UAM 4G29,04/07/2026 00:00:00,01/07/2026 02:07:00,48948.0,49319.0,371.0,2.89436729599001,12818,UAM4G29,128.18,49319,371,2.89,0.0,0.0
0002274,UAM 4E89,30/06/2026 00:00:00,01/06/2026 01:17:00,49644.0,50081.0,437.0,3.70558806071398,11793,UAM4E89,117.93,50081,437,3.71,0.0,0.0
0002274,UAM 4E89,01/07/2026 00:00:00,01/07/2026 02:58:00,50081.0,50554.0,473.0,3.45129514775629,13705,UAM4E89,137.05,50554,473,3.45,0.0,0.0
0002274,UAM 4E89,02/07/2026 00:00:00,01/07/2026 03:10:00,50554.0,51012.0,458.0,3.60970996216898,12688,UAM4E89,126.88,51012,458,3.61,0.0,0.0
0002274,UAM 4E89,02/07/2026 00:00:00,01/07/2026 03:10:00,50554.0,51012.0,458.0,3.60970996216898,12688,UAM4E89,126.88,51012,458,3.61,0.0,0.0
0002274,UAM 4E89,04/07/2026 00:00:00,01/07/2026 04:07:00,51379.0,51847.0,468.0,3.41157603149147,13718,UAM4E89,137.18,51847,468,3.41,0.0,0.0
0002274,UAM 4E89,04/07/2026 00:00:00,01/07/2026 04:07:00,51379.0,51847.0,468.0,3.41157603149147,13718,UAM4E89,137.18,51847,468,3.41,0.0,0.0
0002275,UAM 4D79,28/06/2026 00:00:00,01/06/2026 02:03:00,36925.0,37218.0,293.0,2.41769122864923,12119,UAM4D79,121.19,37218,293,2.42,0.0,0.0
0002275,UAM 4D79,29/06/2026 00:00:00,01/06/2026 00:08:00,37218.0,37533.0,315.0,2.51697962445066,12515,UAM4D79,125.15,37533,315,2.52,0.0,0.0
0002275,UAM 4D79,30/06/2026 00:00:00,01/06/2026 00:14:00,37533.0,37770.0,237.0,2.29851614780332,10311,UAM4D79,103.11,37770,237,2.3,0.0,0.0
0002275,UAM 4D79,01/07/2026 00:00:00,01/07/2026 00:26:00,37770.0,38007.0,237.0,2.05106014712246,11555,UAM4D79,115.55,38007,237,2.05,0.0,0.0
0002275,UAM 4D79,02/07/2026 00:00:00,01/07/2026 03:46:00,38007.0,38245.0,238.0,2.23831468071099,10633,UAM4D79,106.33,38245,238,2.24,0.0,0.0
0002275,UAM 4D79,02/07/2026 00:00:00,01/07/2026 03:46:00,38007.0,38245.0,238.0,2.23831468071099,10633,UAM4D79,106.33,38245,238,2.24,0.0,0.0
0002275,UAM 4D79,03/07/2026 00:00:00,01/07/2026 01:56:00,38245.0,38484.0,239.0,2.31185916037918,10338,UAM4D79,103.38,38484,239,2.31,0.0,0.0
0002275,UAM 4D79,03/07/2026 00:00:00,01/07/2026 01:56:00,38245.0,38484.0,239.0,2.31185916037918,10338,UAM4D79,103.38,38484,239,2.31,0.0,0.0
0002275,UAM 4D79,04/07/2026 00:00:00,01/07/2026 01:59:00,38484.0,38729.0,245.0,2.13992488426937,11449,UAM4D79,114.49,31290,238,2.08,7439.0,7.0
0002275,UAM 4D79,04/07/2026 00:00:00,01/07/2026 01:59:00,38484.0,38729.0,245.0,2.13992488426937,11449,UAM4D79,114.49,38729,245,2.14,0.0,0.0
0002275,UAM 4D79,04/07/2026 00:00:00,01/07/2026 01:59:00,38484.0,38729.0,245.0,2.13992488426937,11449,UAM4D79,114.49,38729,245,2.14,0.0,0.0
0002276,UAM 4C79,28/06/2026 00:00:00,01/06/2026 00:33:00,49835.0,50239.0,404.0,3.04079482161674,13286,UAM4C79,132.86,50239,404,3.04,0.0,0.0
0002276,UAM 4C79,30/06/2026 00:00:00,01/06/2026 02:15:00,50239.0,50592.0,353.0,2.96265211917751,11915,UAM4C79,119.15,50592,353,2.96,0.0,0.0
0002276,UAM 4C79,01/07/2026 00:00:00,01/07/2026 23:33:00,51068.0,51427.0,359.0,2.74906194961329,13059,UAM4C79,130.59,51427,359,2.75,0.0,0.0
0002276,UAM 4C79,01/07/2026 00:00:00,01/07/2026 04:52:00,50592.0,51068.0,476.0,3.5620743844945,13363,UAM4C79,133.63,51068,476,3.56,0.0,0.0
0002276,UAM 4C79,02/07/2026 00:00:00,01/07/2026 23:47:00,51427.0,51785.0,358.0,2.72429799863024,13141,UAM4C79,131.41,51785,358,2.72,0.0,0.0
0002276,UAM 4C79,02/07/2026 00:00:00,01/07/2026 23:47:00,51427.0,51785.0,358.0,2.72429799863024,13141,UAM4C79,131.41,51785,358,2.72,0.0,0.0
0002276,UAM 4C79,04/07/2026 00:00:00,01/07/2026 04:11:00,51785.0,52141.0,356.0,2.80912175491202,12673,UAM4C79,126.73,52141,356,2.81,0.0,0.0
0002276,UAM 4C79,04/07/2026 00:00:00,01/07/2026 04:11:00,51785.0,52141.0,356.0,2.80912175491202,12673,UAM4C79,126.73,52141,356,2.81,0.0,0.0
0002277,UAM 4D29,28/06/2026 00:00:00,01/06/2026 01:35:00,38168.0,38637.0,469.0,3.18009221589368,14748,UAM4D29,147.48,38637,469,3.18,0.0,0.0
0002277,UAM 4D29,29/06/2026 00:00:00,01/06/2026 01:16:00,38637.0,38981.0,344.0,2.4353982300885,14125,UAM4D29,141.25,38981,344,2.44,0.0,0.0
0002277,UAM 4D29,30/06/2026 00:00:00,01/06/2026 04:23:00,38981.0,39208.0,227.0,2.34625322997416,9675,UAM4D29,96.75,39208,227,2.35,0.0,0.0
0002277,UAM 4D29,01/07/2026 00:00:00,01/07/2026 04:42:00,39208.0,39464.0,256.0,2.07893454604515,12314,UAM4D29,123.14,39464,256,2.08,0.0,0.0
0002277,UAM 4D29,02/07/2026 00:00:00,01/07/2026 00:54:00,39464.0,39720.0,256.0,2.11343185007843,12113,UAM4D29,121.13,39720,256,2.11,0.0,0.0
0002277,UAM 4D29,02/07/2026 00:00:00,01/07/2026 00:54:00,39464.0,39720.0,256.0,2.11343185007843,12113,UAM4D29,121.13,39720,256,2.11,0.0,0.0
0002277,UAM 4D29,04/07/2026 00:00:00,01/07/2026 03:12:00,39720.0,40005.0,285.0,2.20793306476604,12908,UAM4D29,129.08,40005,285,2.21,0.0,0.0
0002277,UAM 4D29,04/07/2026 00:00:00,01/07/2026 03:12:00,39720.0,40005.0,285.0,2.20793306476604,12908,UAM4D29,129.08,40005,285,2.21,0.0,0.0
0002278,UAM 4E99,28/06/2026 00:00:00,01/06/2026 01:25:00,31125.0,31487.0,362.0,2.71100127312214,13353,UAM4E99,133.53,31487,362,2.71,0.0,0.0
0002278,UAM 4E99,01/07/2026 00:00:00,01/07/2026 23:43:00,32054.0,32300.0,246.0,2.18880683334816,11239,UAM4E99,112.39,32300,246,2.19,0.0,0.0
0002278,UAM 4E99,02/07/2026 00:00:00,01/07/2026 23:50:00,32300.0,32546.0,246.0,2.21721496169446,11095,UAM4E99,110.95,32546,246,2.22,0.0,0.0
0002278,UAM 4E99,02/07/2026 00:00:00,01/07/2026 23:50:00,32300.0,32546.0,246.0,2.21721496169446,11095,UAM4E99,110.95,32546,246,2.22,0.0,0.0
0002278,UAM 4E99,03/07/2026 00:00:00,01/07/2026 23:33:00,32546.0,32787.0,241.0,2.14050981437073,11259,UAM4E99,112.59,32787,241,2.14,0.0,0.0
0002278,UAM 4E99,03/07/2026 00:00:00,01/07/2026 23:33:00,32546.0,32787.0,241.0,2.14050981437073,11259,UAM4E99,112.59,32787,241,2.14,0.0,0.0
0002279,UAM 4F29,28/06/2026 00:00:00,01/06/2026 01:38:00,54871.0,55276.0,405.0,3.10868897758674,13028,UAM4F29,130.28,55276,405,3.11,0.0,0.0
0002279,UAM 4F29,29/06/2026 00:00:00,01/06/2026 02:16:00,55276.0,55701.0,425.0,2.87628586897672,14776,UAM4F29,147.76,55701,425,2.88,0.0,0.0
0002279,UAM 4F29,01/07/2026 00:00:00,01/07/2026 02:02:00,56019.0,56391.0,372.0,2.59722125253089,14323,UAM4F29,143.23,56391,372,2.6,0.0,0.0
0002279,UAM 4F29,02/07/2026 00:00:00,01/07/2026 04:36:00,56391.0,56733.0,342.0,2.58542485636529,13228,UAM4F29,132.28,56733,342,2.59,0.0,0.0
0002279,UAM 4F29,02/07/2026 00:00:00,01/07/2026 04:36:00,56391.0,56733.0,342.0,2.58542485636529,13228,UAM4F29,132.28,56733,342,2.59,0.0,0.0
0002279,UAM 4F29,03/07/2026 00:00:00,01/07/2026 04:47:00,56733.0,57074.0,341.0,2.54363717738326,13406,UAM4F29,134.06,57074,341,2.54,0.0,0.0
0002279,UAM 4F29,03/07/2026 00:00:00,01/07/2026 04:47:00,56733.0,57074.0,341.0,2.54363717738326,13406,UAM4F29,134.06,57074,341,2.54,0.0,0.0
0002279,UAM 4F29,04/07/2026 00:00:00,01/07/2026 01:17:00,57074.0,57419.0,345.0,2.74092317470406,12587,UAM4F29,125.87,57419,345,2.74,0.0,0.0
0002279,UAM 4F29,04/07/2026 00:00:00,01/07/2026 01:17:00,57074.0,57419.0,345.0,2.74092317470406,12587,UAM4F29,125.87,57419,345,2.74,0.0,0.0
0002280,UAM 4F19,29/06/2026 00:00:00,01/06/2026 01:02:00,34481.0,34816.0,335.0,2.6635922716069,12577,UAM4F19,125.77,34816,335,2.66,0.0,0.0
0002280,UAM 4F19,30/06/2026 00:00:00,01/06/2026 02:21:00,34816.0,35025.0,209.0,2.30226922229566,9078,UAM4F19,90.78,35025,209,2.3,0.0,0.0
0002280,UAM 4F19,30/06/2026 00:00:00,01/07/2026 22:55:00,35025.0,35268.0,243.0,2.24335302806499,10832,UAM4F19,108.32,35268,243,2.24,0.0,0.0
0002280,UAM 4F19,02/07/2026 00:00:00,01/07/2026 02:05:00,35268.0,35515.0,247.0,2.23448525420662,11054,UAM4F19,110.54,35515,247,2.23,0.0,0.0
0002280,UAM 4F19,02/07/2026 00:00:00,01/07/2026 02:05:00,35268.0,35515.0,247.0,2.23448525420662,11054,UAM4F19,110.54,35515,247,2.23,0.0,0.0
0002280,UAM 4F19,03/07/2026 00:00:00,01/07/2026 02:01:00,35515.0,35763.0,248.0,2.34050585126463,10596,UAM4F19,105.96,32267,248,2.34,3496.0,0.0
0002280,UAM 4F19,03/07/2026 00:00:00,01/07/2026 02:01:00,35515.0,35763.0,248.0,2.34050585126463,10596,UAM4F19,105.96,35763,248,2.34,0.0,0.0
0002280,UAM 4F19,03/07/2026 00:00:00,01/07/2026 02:01:00,35515.0,35763.0,248.0,2.34050585126463,10596,UAM4F19,105.96,35763,248,2.34,0.0,0.0
0002283,UAM 4E79,28/06/2026 00:00:00,01/06/2026 02:45:00,58167.0,58580.0,413.0,2.96163499462173,13945,UAM4E79,139.45,58580,413,2.96,0.0,0.0
0002283,UAM 4E79,29/06/2026 00:00:00,01/06/2026 01:46:00,58580.0,58997.0,417.0,3.08386333382636,13522,UAM4E79,135.22,58997,417,3.08,0.0,0.0
0002283,UAM 4E79,30/06/2026 00:00:00,01/06/2026 04:39:00,58997.0,59343.0,346.0,2.8002589834898,12356,UAM4E79,123.56,59343,346,2.8,0.0,0.0
0002283,UAM 4E79,01/07/2026 00:00:00,01/07/2026 01:51:00,59343.0,59758.0,415.0,2.87097890003459,14455,UAM4E79,144.55,59758,415,2.87,0.0,0.0
0002283,UAM 4E79,02/07/2026 00:00:00,01/07/2026 01:54:00,59758.0,60173.0,415.0,2.85498073747936,14536,UAM4E79,145.36,60173,415,2.85,0.0,0.0
0002283,UAM 4E79,02/07/2026 00:00:00,01/07/2026 01:54:00,59758.0,60173.0,415.0,2.85498073747936,14536,UAM4E79,145.36,60173,415,2.85,0.0,0.0
0002283,UAM 4E79,03/07/2026 00:00:00,01/07/2026 03:34:00,60173.0,60589.0,416.0,2.7910097282791,14905,UAM4E79,149.05,60589,416,2.79,0.0,0.0
0002283,UAM 4E79,03/07/2026 00:00:00,01/07/2026 03:34:00,60173.0,60589.0,416.0,2.7910097282791,14905,UAM4E79,149.05,60589,416,2.79,0.0,0.0
0002283,UAM 4E79,04/07/2026 00:00:00,01/07/2026 01:46:00,60589.0,60796.0,207.0,2.80373831775701,7383,UAM4E79,73.83,60796,207,2.8,0.0,0.0
0002283,UAM 4E79,04/07/2026 00:00:00,01/07/2026 01:46:00,60589.0,60796.0,207.0,2.80373831775701,7383,UAM4E79,73.83,60796,207,2.8,0.0,0.0
0002284,UAM 4D39,28/06/2026 00:00:00,01/06/2026 01:04:00,34595.0,34910.0,315.0,2.42382271468144,12996,UAM4D39,129.96,34910,315,2.42,0.0,0.0
0002284,UAM 4D39,30/06/2026 00:00:00,01/06/2026 02:08:00,34910.0,35115.0,205.0,2.48545101842871,8248,UAM4D39,82.48,35115,205,2.49,0.0,0.0
0002284,UAM 4D39,01/07/2026 00:00:00,01/07/2026 01:58:00,35115.0,35358.0,243.0,2.36059840683894,10294,UAM4D39,102.94,35358,243,2.36,0.0,0.0
0002284,UAM 4D39,02/07/2026 00:00:00,01/07/2026 21:21:00,35600.0,35963.0,363.0,3.34008097165992,10868,UAM4D39,108.68,35963,363,3.34,0.0,0.0
0002284,UAM 4D39,02/07/2026 00:00:00,01/07/2026 21:21:00,35600.0,35963.0,363.0,3.34008097165992,10868,UAM4D39,108.68,35963,363,3.34,0.0,0.0
0002284,UAM 4D39,04/07/2026 00:00:00,01/07/2026 03:50:00,35963.0,36206.0,243.0,2.1870218702187,11111,UAM4D39,111.11,36206,243,2.19,0.0,0.0
0002284,UAM 4D39,04/07/2026 00:00:00,01/07/2026 03:50:00,35963.0,36206.0,243.0,2.1870218702187,11111,UAM4D39,111.11,36206,243,2.19,0.0,0.0
0002285,UAO 1B40,28/06/2026 00:00:00,01/06/2026 02:16:00,58042.0,58438.0,396.0,3.12820917924007,12659,UAO1B40,126.59,58438,396,3.13,0.0,0.0
0002285,UAO 1B40,29/06/2026 00:00:00,01/06/2026 02:21:00,58438.0,58840.0,402.0,3.2888816166244,12223,UAO1B40,122.23,58840,402,3.29,0.0,0.0
0002285,UAO 1B40,30/06/2026 00:00:00,01/06/2026 01:27:00,58840.0,59177.0,337.0,2.84724569111186,11836,UAO1B40,118.36,59177,337,2.85,0.0,0.0
0002285,UAO 1B40,30/06/2026 00:00:00,01/07/2026 23:27:00,59177.0,59514.0,337.0,2.71642753506368,12406,UAO1B40,124.06,59514,337,2.72,0.0,0.0
0002285,UAO 1B40,03/07/2026 00:00:00,01/07/2026 01:13:00,59911.0,60306.0,395.0,2.81298960262071,14042,UAO1B40,140.42,60306,395,2.81,0.0,0.0
0002285,UAO 1B40,03/07/2026 00:00:00,01/07/2026 01:13:00,59911.0,60306.0,395.0,2.81298960262071,14042,UAO1B40,140.42,60306,395,2.81,0.0,0.0
0002285,UAO 1B40,04/07/2026 00:00:00,01/07/2026 03:57:00,60306.0,60702.0,396.0,2.75938958957564,14351,UAO1B40,143.51,60702,396,2.76,0.0,0.0
0002285,UAO 1B40,04/07/2026 00:00:00,01/07/2026 03:57:00,60306.0,60702.0,396.0,2.75938958957564,14351,UAO1B40,143.51,60702,396,2.76,0.0,0.0
0002286,UAO 5D10,30/06/2026 00:00:00,01/07/2026 21:48:00,34962.0,35184.0,222.0,2.98668101708597,7433,UAO5D10,74.33,35184,222,2.99,0.0,0.0
0002286,UAO 5D10,02/07/2026 00:00:00,01/07/2026 01:39:00,35184.0,35572.0,388.0,3.16321539214088,12266,UAO5D10,122.66,35572,388,3.16,0.0,0.0
0002286,UAO 5D10,02/07/2026 00:00:00,01/07/2026 01:39:00,35184.0,35572.0,388.0,3.16321539214088,12266,UAO5D10,122.66,35572,388,3.16,0.0,0.0
0002286,UAO 5D10,03/07/2026 00:00:00,01/07/2026 04:13:00,35572.0,35834.0,262.0,2.38116877215305,11003,UAO5D10,110.03,35834,262,2.38,0.0,0.0
0002286,UAO 5D10,03/07/2026 00:00:00,01/07/2026 04:13:00,35572.0,35834.0,262.0,2.38116877215305,11003,UAO5D10,110.03,35834,262,2.38,0.0,0.0
0002286,UAO 5D10,04/07/2026 00:00:00,01/07/2026 02:22:00,35834.0,36097.0,263.0,2.36340762041697,11128,UAO5D10,111.28,36097,263,2.36,0.0,0.0
0002286,UAO 5D10,04/07/2026 00:00:00,01/07/2026 02:22:00,35834.0,36097.0,263.0,2.36340762041697,11128,UAO5D10,111.28,36097,263,2.36,0.0,0.0
0002287,UAO 1G70,30/06/2026 00:00:00,01/06/2026 03:54:00,31471.0,31682.0,211.0,2.7884234174706,7567,UAO1G70,75.67,31682,211,2.79,0.0,0.0
0002287,UAO 1G70,01/07/2026 00:00:00,01/07/2026 04:31:00,31682.0,32087.0,405.0,3.03757593939849,13333,UAO1G70,133.33,32087,405,3.04,0.0,0.0
0002287,UAO 1G70,02/07/2026 00:00:00,01/07/2026 04:50:00,32087.0,32338.0,251.0,2.33423230726309,10753,UAO1G70,107.53,32338,251,2.33,0.0,0.0
0002287,UAO 1G70,02/07/2026 00:00:00,01/07/2026 04:50:00,32087.0,32338.0,251.0,2.33423230726309,10753,UAO1G70,107.53,32338,251,2.33,0.0,0.0
0002287,UAO 1G70,03/07/2026 00:00:00,01/07/2026 05:12:00,32338.0,32593.0,255.0,2.91129124329261,8759,UAO1G70,87.59,32593,255,2.91,0.0,0.0
0002287,UAO 1G70,03/07/2026 00:00:00,01/07/2026 05:12:00,32338.0,32593.0,255.0,2.91129124329261,8759,UAO1G70,87.59,32593,255,2.91,0.0,0.0
0002287,UAO 1G70,03/07/2026 00:00:00,01/07/2026 23:41:00,32593.0,32841.0,248.0,2.26670322639612,10941,UAO1G70,109.41,32841,248,2.27,0.0,0.0
0002287,UAO 1G70,03/07/2026 00:00:00,01/07/2026 23:41:00,32593.0,32841.0,248.0,2.26670322639612,10941,UAO1G70,109.41,32841,248,2.27,0.0,0.0
0002288,UAO 1H70,28/06/2026 00:00:00,01/06/2026 02:37:00,60971.0,61407.0,436.0,3.57846355876559,12184,UAO1H70,121.84,61407,436,3.58,0.0,0.0
0002288,UAO 1H70,29/06/2026 00:00:00,01/06/2026 00:31:00,61407.0,61818.0,411.0,3.61128196116334,11381,UAO1H70,113.81,61818,411,3.61,0.0,0.0
0002288,UAO 1H70,29/06/2026 00:00:00,01/06/2026 23:39:00,61818.0,61905.0,87.0,2.48358549814445,3503,UAO1H70,35.03,61905,87,2.48,0.0,0.0
0002288,UAO 1H70,01/07/2026 00:00:00,01/07/2026 03:12:00,61905.0,62353.0,448.0,3.46266810944505,12938,UAO1H70,129.38,62353,448,3.46,0.0,0.0
0002288,UAO 1H70,02/07/2026 00:00:00,01/07/2026 02:23:00,62353.0,62790.0,437.0,3.32369942196532,13148,UAO1H70,131.48,62790,437,3.32,0.0,0.0
0002288,UAO 1H70,02/07/2026 00:00:00,01/07/2026 02:23:00,62353.0,62790.0,437.0,3.32369942196532,13148,UAO1H70,131.48,62790,437,3.32,0.0,0.0
0002288,UAO 1H70,03/07/2026 00:00:00,01/07/2026 02:20:00,62790.0,63232.0,442.0,3.36736248666768,13126,UAO1H70,131.26,63232,442,3.37,0.0,0.0
0002288,UAO 1H70,03/07/2026 00:00:00,01/07/2026 02:20:00,62790.0,63232.0,442.0,3.36736248666768,13126,UAO1H70,131.26,63232,442,3.37,0.0,0.0
0002288,UAO 1H70,04/07/2026 00:00:00,01/07/2026 02:49:00,63232.0,63683.0,451.0,3.40300309363918,13253,UAO1H70,132.53,63683,451,3.4,0.0,0.0
0002288,UAO 1H70,04/07/2026 00:00:00,01/07/2026 02:49:00,63232.0,63683.0,451.0,3.40300309363918,13253,UAO1H70,132.53,63683,451,3.4,0.0,0.0
0002289,UAO 1E30,29/06/2026 00:00:00,01/06/2026 22:42:00,33436.0,33602.0,166.0,2.55227552275523,6504,UAO1E30,65.04,33602,166,2.55,0.0,0.0
0002289,UAO 1E30,01/07/2026 00:00:00,01/07/2026 23:21:00,33836.0,34069.0,233.0,2.30350963914978,10115,UAO1E30,101.15,34069,233,2.3,0.0,0.0
0002289,UAO 1E30,01/07/2026 00:00:00,01/07/2026 00:19:00,33602.0,33836.0,234.0,2.34821876567988,9965,UAO1E30,99.65,33836,234,2.35,0.0,0.0
0002289,UAO 1E30,03/07/2026 00:00:00,01/07/2026 04:37:00,34069.0,34303.0,234.0,2.33649525711433,10015,UAO1E30,100.15,34303,234,2.34,0.0,0.0
0002289,UAO 1E30,03/07/2026 00:00:00,01/07/2026 04:37:00,34069.0,34303.0,234.0,2.33649525711433,10015,UAO1E30,100.15,34303,234,2.34,0.0,0.0
0002289,UAO 1E30,03/07/2026 00:00:00,01/07/2026 22:48:00,34303.0,34535.0,232.0,2.52420846480252,9191,UAO1E30,91.91,34535,232,2.52,0.0,0.0
0002289,UAO 1E30,03/07/2026 00:00:00,01/07/2026 22:48:00,34303.0,34535.0,232.0,2.52420846480252,9191,UAO1E30,91.91,34535,232,2.52,0.0,0.0
0002291,UAO 1I20,29/06/2026 00:00:00,01/06/2026 00:38:00,39285.0,39585.0,300.0,2.9146021568056,10293,UAO1I20,102.93,39585,300,2.91,0.0,0.0
0002291,UAO 1I20,30/06/2026 00:00:00,01/06/2026 00:56:00,39585.0,39826.0,241.0,2.5065002600104,9615,UAO1I20,96.15,39826,241,2.51,0.0,0.0
0002291,UAO 1I20,01/07/2026 00:00:00,01/07/2026 00:58:00,39826.0,40121.0,295.0,2.50063575485293,11797,UAO1I20,117.97,40121,295,2.5,0.0,0.0
0002291,UAO 1I20,02/07/2026 00:00:00,01/07/2026 01:57:00,40121.0,40419.0,298.0,2.50272948685647,11907,UAO1I20,119.07,40419,298,2.5,0.0,0.0
0002291,UAO 1I20,02/07/2026 00:00:00,01/07/2026 01:57:00,40121.0,40419.0,298.0,2.50272948685647,11907,UAO1I20,119.07,40419,298,2.5,0.0,0.0
0002291,UAO 1I20,03/07/2026 00:00:00,01/07/2026 02:44:00,40419.0,40715.0,296.0,2.53381270330423,11682,UAO1I20,116.82,40715,296,2.53,0.0,0.0
0002291,UAO 1I20,03/07/2026 00:00:00,01/07/2026 02:44:00,40419.0,40715.0,296.0,2.53381270330423,11682,UAO1I20,116.82,40715,296,2.53,0.0,0.0
0002291,UAO 1I20,04/07/2026 00:00:00,01/07/2026 02:29:00,40715.0,41010.0,295.0,2.52007517512387,11706,UAO1I20,117.06,41010,295,2.52,0.0,0.0
0002291,UAO 1I20,04/07/2026 00:00:00,01/07/2026 02:29:00,40715.0,41010.0,295.0,2.52007517512387,11706,UAO1I20,117.06,41010,295,2.52,0.0,0.0
0002292,UAO 2B20,30/06/2026 00:00:00,01/06/2026 03:34:00,38453.0,38682.0,229.0,2.38392671247137,9606,UAO2B20,96.06,38682,229,2.38,0.0,0.0
0002292,UAO 2B20,01/07/2026 00:00:00,01/07/2026 04:06:00,38682.0,38943.0,261.0,2.3393385318634,11157,UAO2B20,111.57,38943,261,2.34,0.0,0.0
0002292,UAO 2B20,02/07/2026 00:00:00,01/07/2026 03:31:00,38943.0,39235.0,292.0,2.49402118209771,11708,UAO2B20,117.08,39235,292,2.49,0.0,0.0
0002292,UAO 2B20,02/07/2026 00:00:00,01/07/2026 03:31:00,38943.0,39235.0,292.0,2.49402118209771,11708,UAO2B20,117.08,39235,292,2.49,0.0,0.0
0002292,UAO 2B20,04/07/2026 00:00:00,01/07/2026 01:56:00,39527.0,39818.0,291.0,2.59081196581197,11232,UAO2B20,112.32,39818,291,2.59,0.0,0.0
0002292,UAO 2B20,04/07/2026 00:00:00,01/07/2026 01:56:00,39527.0,39818.0,291.0,2.59081196581197,11232,UAO2B20,112.32,39818,291,2.59,0.0,0.0
0002293,UAO 1J80,29/06/2026 00:00:00,01/06/2026 00:58:00,32721.0,33110.0,389.0,2.94073178107046,13228,UAO1J80,132.28,33110,389,2.94,0.0,0.0
0002293,UAO 1J80,01/07/2026 00:00:00,01/07/2026 01:36:00,33347.0,33616.0,269.0,2.51754796443613,10685,UAO1J80,106.85,33616,269,2.52,0.0,0.0
0002293,UAO 1J80,02/07/2026 00:00:00,01/07/2026 04:01:00,33616.0,33885.0,269.0,2.51943429802379,10677,UAO1J80,106.77,33885,269,2.52,0.0,0.0
0002293,UAO 1J80,02/07/2026 00:00:00,01/07/2026 04:01:00,33616.0,33885.0,269.0,2.51943429802379,10677,UAO1J80,106.77,33885,269,2.52,0.0,0.0
0002293,UAO 1J80,03/07/2026 00:00:00,01/07/2026 03:15:00,33885.0,34154.0,269.0,2.50839239089892,10724,UAO1J80,107.24,34154,269,2.51,0.0,0.0
0002293,UAO 1J80,03/07/2026 00:00:00,01/07/2026 03:15:00,33885.0,34154.0,269.0,2.50839239089892,10724,UAO1J80,107.24,34154,269,2.51,0.0,0.0
0002293,UAO 1J80,04/07/2026 00:00:00,01/07/2026 01:26:00,34154.0,34421.0,267.0,2.60614934114202,10245,UAO1J80,102.45,34421,267,2.61,0.0,0.0
0002293,UAO 1J80,04/07/2026 00:00:00,01/07/2026 01:26:00,34154.0,34421.0,267.0,2.60614934114202,10245,UAO1J80,102.45,34421,267,2.61,0.0,0.0
0002294,UAO 0E60,28/06/2026 00:00:00,01/06/2026 00:40:00,40210.0,40529.0,319.0,2.87958115183246,11078,UAO0E60,110.78,40529,319,2.88,0.0,0.0
0002294,UAO 0E60,30/06/2026 00:00:00,01/06/2026 01:20:00,40529.0,40765.0,236.0,2.60600706713781,9056,UAO0E60,90.56,40765,236,2.61,0.0,0.0
0002294,UAO 0E60,01/07/2026 00:00:00,01/07/2026 01:19:00,40765.0,41058.0,293.0,2.38813269215095,12269,UAO0E60,122.69,41058,293,2.39,0.0,0.0
0002294,UAO 0E60,02/07/2026 00:00:00,01/07/2026 05:01:00,41058.0,41357.0,299.0,2.43267431453909,12291,UAO0E60,122.91,41357,299,2.43,0.0,0.0
0002294,UAO 0E60,02/07/2026 00:00:00,01/07/2026 05:01:00,41058.0,41357.0,299.0,2.43267431453909,12291,UAO0E60,122.91,41357,299,2.43,0.0,0.0
0002294,UAO 0E60,03/07/2026 00:00:00,01/07/2026 00:27:00,41357.0,41655.0,298.0,2.44402526039531,12193,UAO0E60,121.93,41655,298,2.44,0.0,0.0
0002294,UAO 0E60,03/07/2026 00:00:00,01/07/2026 00:27:00,41357.0,41655.0,298.0,2.44402526039531,12193,UAO0E60,121.93,41655,298,2.44,0.0,0.0
0002294,UAO 0E60,04/07/2026 00:00:00,01/07/2026 00:46:00,41655.0,41954.0,299.0,2.65966909802526,11242,UAO0E60,112.42,41954,299,2.66,0.0,0.0
0002294,UAO 0E60,04/07/2026 00:00:00,01/07/2026 00:46:00,41655.0,41954.0,299.0,2.65966909802526,11242,UAO0E60,112.42,41954,299,2.66,0.0,0.0
0002295,UAO 2A40,29/06/2026 00:00:00,01/06/2026 01:09:00,42123.0,42479.0,356.0,3.0328846481513,11738,UAO2A40,117.38,42479,356,3.03,0.0,0.0
0002295,UAO 2A40,30/06/2026 00:00:00,01/06/2026 00:32:00,42479.0,42745.0,266.0,2.54838091588427,10438,UAO2A40,104.38,42745,266,2.55,0.0,0.0
0002295,UAO 2A40,01/07/2026 00:00:00,01/07/2026 21:55:00,43040.0,43161.0,121.0,2.09596397020613,5773,UAO2A40,57.73,43161,121,2.1,0.0,0.0
0002295,UAO 2A40,01/07/2026 00:00:00,01/07/2026 04:59:00,42745.0,43040.0,295.0,2.40384615384615,12272,UAO2A40,122.72,43040,295,2.4,0.0,0.0
0002295,UAO 2A40,03/07/2026 00:00:00,01/07/2026 03:45:00,43161.0,43454.0,293.0,2.39047075140736,12257,UAO2A40,122.57,43454,293,2.39,0.0,0.0
0002295,UAO 2A40,03/07/2026 00:00:00,01/07/2026 03:45:00,43161.0,43454.0,293.0,2.39047075140736,12257,UAO2A40,122.57,43454,293,2.39,0.0,0.0
0002295,UAO 2A40,04/07/2026 00:00:00,01/07/2026 01:44:00,43454.0,43752.0,298.0,2.72818822667765,10923,UAO2A40,109.23,43752,298,2.73,0.0,0.0
0002295,UAO 2A40,04/07/2026 00:00:00,01/07/2026 01:44:00,43454.0,43752.0,298.0,2.72818822667765,10923,UAO2A40,109.23,43752,298,2.73,0.0,0.0
0002296,UAO 0G30,30/06/2026 00:00:00,01/06/2026 03:41:00,29545.0,29769.0,224.0,2.33017788411526,9613,UAO0G30,96.13,29769,224,2.33,0.0,0.0
0002296,UAO 0G30,01/07/2026 00:00:00,01/07/2026 01:02:00,29769.0,30022.0,253.0,2.1709284365883,11654,UAO0G30,116.54,30022,253,2.17,0.0,0.0
0002296,UAO 0G30,02/07/2026 00:00:00,01/07/2026 23:36:00,30274.0,30496.0,222.0,2.22489476849068,9978,UAO0G30,99.78,30496,222,2.22,0.0,0.0
0002296,UAO 0G30,02/07/2026 00:00:00,01/07/2026 23:36:00,30274.0,30496.0,222.0,2.22489476849068,9978,UAO0G30,99.78,30496,222,2.22,0.0,0.0
0002296,UAO 0G30,04/07/2026 00:00:00,01/07/2026 03:29:00,30496.0,30750.0,254.0,2.23296703296703,11375,UAO0G30,113.75,30750,254,2.23,0.0,0.0
0002296,UAO 0G30,04/07/2026 00:00:00,01/07/2026 03:29:00,30496.0,30750.0,254.0,2.23296703296703,11375,UAO0G30,113.75,30750,254,2.23,0.0,0.0
0002297,UAO 0I90,29/06/2026 00:00:00,01/06/2026 21:12:00,22516.0,22614.0,98.0,3.41701534170153,2868,UAO0I90,28.68,22614,98,3.42,0.0,0.0
0002297,UAO 0I90,30/06/2026 00:00:00,01/07/2026 21:36:00,22614.0,22792.0,178.0,4.77467811158798,3728,UAO0I90,37.28,22792,178,4.77,0.0,0.0
0002297,UAO 0I90,01/07/2026 00:00:00,01/07/2026 21:16:00,22792.0,22871.0,79.0,3.15747402078337,2502,UAO0I90,25.02,22871,79,3.16,0.0,0.0
0002297,UAO 0I90,03/07/2026 00:00:00,01/07/2026 21:10:00,22871.0,23056.0,185.0,4.14891231217762,4459,UAO0I90,44.59,23056,185,4.15,0.0,0.0
0002297,UAO 0I90,03/07/2026 00:00:00,01/07/2026 21:10:00,22871.0,23056.0,185.0,4.14891231217762,4459,UAO0I90,44.59,23056,185,4.15,0.0,0.0
0002298,UAO 2H80,30/06/2026 00:00:00,01/07/2026 21:34:00,24478.0,24621.0,143.0,4.22951789411417,3381,UAO2H80,33.81,24621,143,4.23,0.0,0.0
0002298,UAO 2H80,01/07/2026 00:00:00,01/07/2026 21:14:00,24621.0,24858.0,237.0,4.19543281996814,5649,UAO2H80,56.49,24858,237,4.2,0.0,0.0
0002298,UAO 2H80,02/07/2026 00:00:00,01/07/2026 21:12:00,24858.0,24943.0,85.0,3.37435490273918,2519,UAO2H80,25.19,24943,85,3.37,0.0,0.0
0002298,UAO 2H80,02/07/2026 00:00:00,01/07/2026 21:12:00,24858.0,24943.0,85.0,3.37435490273918,2519,UAO2H80,25.19,24943,85,3.37,0.0,0.0
0002299,UAO 0H20,29/06/2026 00:00:00,01/06/2026 21:08:00,20266.0,20464.0,198.0,4.5812124016659,4322,UAO0H20,43.22,20464,198,4.58,0.0,0.0
0002299,UAO 0H20,30/06/2026 00:00:00,01/07/2026 21:24:00,20464.0,20726.0,262.0,4.31986809563067,6065,UAO0H20,60.65,20726,262,4.32,0.0,0.0
0002299,UAO 0H20,01/07/2026 00:00:00,01/07/2026 21:09:00,20726.0,20868.0,142.0,4.58360232408005,3098,UAO0H20,30.98,18822,134,4.33,2046.0,8.0
0002299,UAO 0H20,01/07/2026 00:00:00,01/07/2026 21:09:00,20726.0,20868.0,142.0,4.58360232408005,3098,UAO0H20,30.98,20868,142,4.58,0.0,0.0
0002299,UAO 0H20,02/07/2026 00:00:00,01/07/2026 21:10:00,20868.0,20984.0,116.0,4.16966211358735,2782,UAO0H20,27.82,20984,116,4.17,0.0,0.0
0002299,UAO 0H20,02/07/2026 00:00:00,01/07/2026 21:10:00,20868.0,20984.0,116.0,4.16966211358735,2782,UAO0H20,27.82,20984,116,4.17,0.0,0.0
0002300,UAO 0I60,30/06/2026 00:00:00,01/07/2026 21:22:00,24410.0,24570.0,160.0,4.84701605574068,3301,UAO0I60,33.01,24570,160,4.85,0.0,0.0
0002300,UAO 0I60,01/07/2026 00:00:00,01/07/2026 21:19:00,24570.0,24733.0,163.0,3.98630471998044,4089,UAO0I60,40.89,24733,163,3.99,0.0,0.0
0002300,UAO 0I60,02/07/2026 00:00:00,01/07/2026 21:23:00,24733.0,24877.0,144.0,4.02010050251256,3582,UAO0I60,35.82,24877,144,4.02,0.0,0.0
0002300,UAO 0I60,02/07/2026 00:00:00,01/07/2026 21:23:00,24733.0,24877.0,144.0,4.02010050251256,3582,UAO0I60,35.82,24877,144,4.02,0.0,0.0
0002300,UAO 0I60,03/07/2026 00:00:00,01/07/2026 21:15:00,24877.0,25036.0,159.0,3.5818878125704,4439,UAO0I60,44.39,25036,159,3.58,0.0,0.0
0002300,UAO 0I60,03/07/2026 00:00:00,01/07/2026 21:15:00,24877.0,25036.0,159.0,3.5818878125704,4439,UAO0I60,44.39,25036,159,3.58,0.0,0.0
0002301,UAO 0F70,01/07/2026 00:00:00,01/07/2026 21:11:00,20170.0,20265.0,95.0,3.3856022808268,2806,UAO0F70,28.06,20265,95,3.39,0.0,0.0
0002301,UAO 0F70,02/07/2026 00:00:00,01/07/2026 21:16:00,20265.0,20353.0,88.0,3.43615775087856,2561,UAO0F70,25.61,20353,88,3.44,0.0,0.0
0002301,UAO 0F70,02/07/2026 00:00:00,01/07/2026 21:16:00,20265.0,20353.0,88.0,3.43615775087856,2561,UAO0F70,25.61,20353,88,3.44,0.0,0.0
0002301,UAO 0F70,03/07/2026 00:00:00,01/07/2026 21:28:00,20353.0,20507.0,154.0,4.2825361512792,3596,UAO0F70,35.96,20507,154,4.28,0.0,0.0
0002301,UAO 0F70,03/07/2026 00:00:00,01/07/2026 21:28:00,20353.0,20507.0,154.0,4.2825361512792,3596,UAO0F70,35.96,20507,154,4.28,0.0,0.0
